id,code,desc,case_size,bulk_code,micro,carton,bus_category,prod_category,gr_wt,nt_wt,plant,line_bulk,des_code
1,FB50012500EX,365 Fluoride Toothpaste 125ml,72,BB500,t,f, Pvt Label ,Toothpaste ,0.1810,152.5000,1024,,BB500152.5
2,FB060300,A1 Toilet Cubes 300gms,48,BB102,f,t, Domestic ,Odonil ,0.3500,300.0000,1025,,BB102300
3,FB060400,A1 TOILET CUBES 400 GMS,48,BB102,f,t, Domestic ,Odonil ,0.4270,400.0000,1025,,BB102400
4,FI038001,Activator Pdr-1g-OxyLife NR 5CR-9g,144,BI038A,f,, Domestic ,Activator ,,9.0000,1025,,BI038A9
5,FI038003,Activator Pdr-3g-OxyLife NR 5CR-27g,72,BI038A,f,, Domestic ,Activator ,,27.0000,1025,,BI038A27
6,FB050100A0EX,Adv. Odomos Mosquito Replt Cream 100gm,36,BB051B,t,t, IBD ,Odomos ,0.1240,100.0000,1025,,BB051B100
7,FB050025A0EX,Adv. Odomos Mosquito Replt Cream 25gm,144,BB051B,t,t, IBD ,Odomos ,0.0360,25.0000,1025,,BB051B25
8,FB050050A0EX,Adv. Odomos Mosquito Replt Cream 50gm,72,BB051B,t,t, IBD ,Odomos ,0.0650,50.0000,1025,,BB051B50
9,FB04012000EX,Adv. Odomos Mosquito Replt. Lotion 120ml,48,BB040,t,, IBD ,Odomos Lotion ,0.1990,120.0000,1025,,BB040120
10,FB04006000AF,Adv.Odomos Mosquito Replt.Lotion 60ml-AF,96,BB040,t,, IBD ,Odomos Lotion ,0.0990,58.1980,1025,,BB04058.198
11,FB04012000AF,Adv.Odomos MosquitoReplt.Lotion 120ml-AF,48,BB040,t,, IBD ,Odomos Lotion ,0.1990,116.4000,1025,,BB040116.396
12,FB24008500EX,AMERFRESH FLUORIDE T/PASTE 85 G (CB),144,BB240,t,f,Pvt Label,Toothpaste ,0.1030,85.0000,1024,,BB24085
13,FB24001700EX,Amerfresh Fluoride Toothpaste 17G -0.6OZ,720,BB240,t,f, Pvt Label ,Toothpaste ,0.0230,17.0000,1024,,BB24017
14,FB24002400EX,AMERFRESH FLUORIDE TOOTHPASTE 24 G,720,BB240,t,f, Pvt Label ,Toothpaste ,0.0300,24.0000,1024,,BB24024
15,FB23608500EX,Amerfresh Fluoride TPST  TC 85G - 3  OZ,144,BB236,t,t,Pvt Label,Toothpaste ,,85.0000,1024,,BB23685
16,FR19808500EX,ASSURED COCOA BUTTER PET. JELLY 3OZ(85g),24,BR198A,t,,Pvt Label,HRC Tube,0.1150,85.0000,1025,,BR198A85
17,FR19708500EX,ASSURED CREAMY PETRO JELLY 3OZ(85G) TUBE,24,BR197A,t,,Pvt Label,HRC tube,,85.0000,1025,,BR197A85
18,FB257117F0EX,AUROMERE FRESHMINT TOOTHPASTE 117 G,144,BB257,t,t, Pvt Label ,Toothpaste ,0.1560,117.0000,1024,,BB257117
19,FB33150L00EX,Auromere Herbal Mouthwash 50 Ltr.,1,BB331,t,f, Pvt Label ,Mouthwash ,53.0000,50000.0000,1024,,BB33150000
20,FB258117H0EX,AUROMERE HERBAL TP. (O.LICORICE) 117 G,144,BB258,t,t, Pvt Label ,Toothpaste ,0.1560,117.0000,1024,,BB258117
21,FB33311700EX,Auromere Herbal TPST-75ml-117g(Apeiron),72,BB333,t,t, Pvt Label ,Toothpaste ,0.1610,117.0000,1024,,BB333117
22,FB259117M0EX,AUROMERE MINTFREE  TOOTHPASTE 117 G,144,BB259,t,t, Pvt Label ,Toothpaste ,0.1560,117.0000,1024,,BB259117
23,FB33103000EX,Auromere Mouthwash 30ml (1 Fl Oz)-Bottle,288,BB331,t,,Pvt Label,Mouthwash ,,32.0000,1024,,BB33132
24,FB33147300EX,Auromere Mouthwash 473ml (16OZ) - Bottle,36,BB331A,t,, Pvt Label ,Mouthwash ,0.6610,511.0000,1024,,BB331A511
25,FB33147300JA,Auromere Mouthwash 473ml (16OZ) - Japan,36,BB331A,t,,Pvt Label,Mouthwash ,,,1024,,BB331A
26,FB33404000EX,Auromere TP- Foam Free Mint (Bulk) 40kg,1,BB334,t,f, Pvt Label ,Toothpaste ,1.0550,40000.0000,1024,,BB33440000
27,FB51540K00EX,Auromere TP- Foamfree-40kg DRUM-ORG NEEM,1,BB515,t,f, Pvt Label ,Toothpaste ,42.2000,40000.0000,1024,,BB51540000
28,FB51904000EX,Auromere TP- Licorice-40kg ORG NEEM - ST,1,BB519A,t,f,Pvt Label,Toothpaste ,,40000.0000,1024,,BB519A40000
29,FB51704000EX,Auromere TP-Freshmint 40kg-ORG NEEM - ST,1,BB517A,t,f,Pvt Label,Toothpaste ,,40000.0000,1024,,BB517A40000
30,FB51440K00EX,Auromere TP-Freshmint-40kg DRUM-ORG NEEM,1,BB514,t,f, Pvt Label ,Toothpaste ,42.2000,40000.0000,1024,,BB51440000
31,FB51140K00EX,Auromere TP-Licorice-40kg DRUM-ORG NEEM,1,BB511,t,f, Pvt Label ,Toothpaste ,42.2000,40000.0000,1024,,BB51140000
32,FB51804000EX,Auromere TP-Mintfree-40kg -ORG NEEM - ST,1,BB518A,t,f,Pvt Label,Toothpaste ,,40000.0000,1024,,BB518A40000
33,FB51240K00EX,Auromere TP-Mintfree-40kg DRUM-ORG NEEM,1,BB512,t,f, Pvt Label ,Toothpaste ,42.2000,40000.0000,1024,,BB51240000
34,FB33901900EX,Auromere TPST  - Mint 12.5ml - 19.5g,432,BB339,t,f, Pvt Label ,Toothpaste ,0.0270,19.5000,1024,,BB33919.5
35,FB33904000EX,Auromere TPST - Freshmint 40 kg- New,1,BB339,t,f, Pvt Label ,Toothpaste ,42.2000,40000.0000,1024,,BB33940000
36,FB33704000EX,Auromere TPST - Licorice 40 Kg- New,1,BB337,t,f, Pvt Label ,Toothpaste ,42.2000,40000.0000,1024,,BB33740000
37,FB33804000EX,Auromere TPST - Mintfree 40 kg - New,1,BB338,t,f, Pvt Label ,Toothpaste ,42.2000,40000.0000,1024,,BB33840000
38,FB33411700EX,Auromere TPST �Foam Free Mint 75ml- 117g,144,BB334,t,t, Pvt Label ,Toothpaste ,0.1560,117.0000,1024,,BB334117
39,FB51111701EX,Auromere TPST- Classic-117g-ORG NEEM,144,BB511,t,t,Pvt Label,Toothpaste ,,117.0000,1024,,BB511117
40,FB51111703EX,Auromere TPST- Classic-117g-ORG NEEM WF,144,BB511A,t,t,Pvt Label,Toothpaste ,,117.0000,1024,,BB511A117
41,FB33611700EX,Auromere TPST- Foamfree 4.16 oz-117g New,144,BB336,t,t, Pvt Label ,Toothpaste ,0.1570,117.0000,1024,,BB336117
42,FB33604000EX,Auromere TPST- Foamfree 40 kg - New,1,BB336,t,f, Pvt Label ,Toothpaste ,42.2000,40000.0000,1024,,BB33640000
43,FB51611700EX,Auromere TPST- Licorice 117g-4.16oz-AB,144,BB516,t,t,Pvt Label,Toothpaste ,,117.0000,1024,,BB516117
44,FB33711700EX,Auromere TPST- Licorice 4.16 oz-117g New,144,BB337,t,t, Pvt Label ,Toothpaste ,0.1570,117.0000,1024,,BB337117
45,FB33811700EX,Auromere TPST- Mintfree 4.16 oz-117g New,144,BB338,t,t, Pvt Label ,Toothpaste ,0.1570,117.0000,1024,,BB338117
46,FB51511700EX,Auromere TPST-Foamfree-117g-ORG NEEM,144,BB515,t,t, Pvt Label ,Toothpaste ,0.1560,117.0000,1024,,BB515117
47,FB33911700EX,Auromere TPST-Freshmint 4.16 oz-117g New,144,BB339,t,t, Pvt Label ,Toothpaste ,0.1570,117.0000,1024,,BB339117
48,FB51411700EX,Auromere TPST-Freshmint-117g-ORG NEEM,144,BB514,t,t, Pvt Label ,Toothpaste ,0.1560,117.0000,1024,,BB514117
49,FB51411701EX,Auromere TPST-Freshmint-117g-ORG NEEM WF,144,BB514,t,t,Pvt Label,Toothpaste ,,117.0000,1024,,BB514117
50,FB51401200EX,Auromere TPST-Freshmint-12.5ml-ORG NEEM,432,BB514,t,f,Pvt Label,Toothpaste ,,20.0000,1024,,BB51420
51,FB51111700EX,Auromere TPST-Licorice-117g-ORG NEEM,144,BB511,t,t, Pvt Label ,Toothpaste ,0.1560,117.0000,1024,,BB511117
52,FB51211700EX,Auromere TPST-Mintfree-117g-ORG NEEM,144,BB512,t,t, Pvt Label ,Toothpaste ,0.1560,117.0000,1024,,BB512117
53,FB51311700EX,Auromere TPST�FoamFreeMint-117g-ORG NEEM,144,BB513,t,t, Pvt Label ,Toothpaste ,0.1560,117.0000,1024,,BB513117
54,FB51340K00EX,Auromere TP�FoamFreeMint-40kg-ORG NEEM,1,BB513,t,f, Pvt Label ,Toothpaste ,42.2000,40000.0000,1024,,BB51340000
55,FB260117NFEX,AUROMERENON FOAMINGTOOTHPASTE 117G(T),72,BB260,t,t, Pvt Label ,Toothpaste ,0.1610,117.0000,1024,,BB260117
56,FB51340K00JA,AuromereTP�FoamFreeMint-40kg-ORG NEEM JP,1,BB513A,t,f,Pvt Label,Toothpaste ,,40000.0000,1024,,BB513A40000
57,FB26915000RU,Ayurvedic Tooth Paste 150gm Neem�Russia,72,BB269,t,t, IBD ,Toothpaste ,0.1850,150.0000,1024,,BB269150
58,FB42112500EX,Best at care TP 125 ML-coolmint (72pc),72,BB421,t,f, Pvt Label ,Toothpaste Stripe,0.1840,152.5000,1024,,BB421152.5
59,FB83411900EX,Brush Buddies Char. Tpst 4.2OZ (119g) NF,24,BB834,t,t,Pvt Label,Toothpaste ,,119.0000,1024,,BB834119
60,FB83409900EXBC,Brush Buddies Charcoal Tpst 3.5OZ(99g)NF,24,BB834,t,,Pvt Label,Toothpaste ,0.1480,99.0000,1024,,BB83499
61,FB53013300EX,BURST MINT AC FLD TPST 133 G-4.7 OZ,24,BB530,t,f, Pvt Label ,Toothpaste ,0.1580,133.0000,1024,,BB530133
62,FB61102000EX,CARE DENTIFRICE TRIPLE ACTION  TPST 20G,432,BB611A,t,t,Pvt Label,Toothpaste ,,20.0000,1024,,BB611A20
63,FB61107500EX,CARE DENTIFRICE TRIPLE ACTION  TPST 75ML,48,BB611,t,t,Pvt Label,Toothpaste Stripe,0.1280,101.0000,1024,,BB611101
64,FR19536800EX,CAREALL PETROLEUM JELLY 13 OZ (368g) TUB,36,BR195,f,,Pvt Label,HRC jar,0.4570,368.0000,1025,,BR195368
65,FR19511300EX,CAREALL PETROLEUM JELLY 4 OZ (113g) TUB,72,BR195,f,,Pvt Label,HRC jar,0.1500,113.0000,1025,,BR195113
66,FR19522600EX,CAREALL PETROLEUM JELLY 8 OZ (226g) TUB,48,BR195,f,,Pvt Label,HRC jar,0.2820,226.0000,1025,,BR195226
67,FB32702400EX,Cinnafresh Anticavity Gel Toothpaste 24G,144,BB327,t,f, Pvt Label ,Toothpaste ,0.0320,24.0000,1024,,BB32724
68,FB75210000EX,COMPLEX ORIGINAL TOOTHPASTE 100GM,72,BB752,t,t,Pvt Label,Toothpaste ,,100.0000,1024,,BB752100
69,FB75310000EX,COMPLEX WITH HIMALAYAN HERBS TPST 100GM,72,BB753,t,t,Pvt Label,Toothpaste ,,100.0000,1024,,BB753100
70,FB28311300EX,COOL WAVE FM GL FLRD TPST 4 OZ 113 G,48,BB283,t,f, Pvt Label ,Toothpaste ,0.1430,113.0000,1024,,BB283113
71,FB20018001UC,Dabur Babool TPST 180g(2x180g CP)-US-Can,36,BB200A,t,t,IBD,Toothpaste ,0.4300,360.0000,1024,,BB200A360
72,FB83413100EXDC,DABUR CHARCOAL NF TOOTHPASTE 100ml(131g),36,BB834,t,,Pvt Label,Toothpaste ,,131.0000,1024,,BB834131
73,FC22315006GC,Dabur Herbal T.Paste Clove150 Gm+TB-CP,48,BC223,t,t, IBD ,Toothpaste ,0.2400,150.0000,1024,,BC223150
74,FC22215001QT,Dabur Herbal T.Paste-Basil 150gm+TB-QTR,48,BC222,t,t,IBD,Toothpaste ,0.2400,150.0000,1024,,BC222150
75,FC22315001QT,Dabur Herbal T.Paste-Clove 150gm+TB-QTR,48,BC223,t,t,IBD,Toothpaste ,0.2400,150.0000,1024,,BC223150
76,FC22115001QT,Dabur Herbal T.Paste-Neem 150gm+TB-QTR,48,BC221,t,t,IBD,Toothpaste ,0.2400,150.0000,1024,,BC221150
77,FC22415001QT,Dabur Herbal T.Paste-Whitening 150gm+TB-,48,BC224,t,t,IBD,Toothpaste ,0.2400,150.0000,1024,,BC224150
78,FC22110000UC,Dabur Herbal ToothPaste Neem100ml-US/Can,36,BC221B,t,t, IBD ,Toothpaste ,0.1770,154.0000,1024,,BC221B154
79,FC22120000UC,Dabur Herbal ToothPaste Neem200gm-US/Can,36,BC221B,t,t, IBD ,Toothpaste ,0.2500,200.0000,1024,,BC221B200
80,FC22210000UC,Dabur Herbal ToothPasteBasil100ml-US/Can,36,BC222B,t,t, IBD ,Toothpaste ,0.1770,154.0000,1024,,BC222B154
81,FC22310000UC,Dabur Herbal ToothPasteClove100ml-US/Can,36,BC223B,t,t, IBD ,Toothpaste ,0.1770,154.0000,1024,,BC223B154
82,FC23102000GC,Dabur Herbal TPST Anti Ageing - 20gm,432,BC231,t,t, IBD ,Toothpaste ,0.0280,20.0000,1024,,BC23120
83,FC74502000GC,Dabur Herbal TPST Smokers 20gm- GCC,432,BC745,t,t,IBD,Toothpaste ,,20.0000,1024,,BC74520
84,FC23720000UC,Dabur HerbalTPST forTeeth&Gums200g-Us-Ca,36,BC237,t,t, IBD ,Toothpaste ,0.2500,200.0000,1024,,BC237200
85,FB226C1001,Dabur Meswak 100g CSD Cs 72 Index 4071,72,BB226,t,t, Domestic ,Toothpaste ,0.1230,100.0000,1024,,BB226100
86,FB226C10,Dabur Meswak 100g CSD Index:4071,144,BB226,t,t, Domestic ,Toothpaste ,0.1200,100.0000,1024,,BB226100
87,FB227C10,Dabur Meswak 100gCSD Cs72 Index 4071 New,72,BB227,t,t,Domestic,Toothpaste ,,100.0000,1024,,BB227100
88,FB226100,Dabur Meswak 100gm,72,BB226,t,t, Domestic ,Toothpaste ,0.1220,100.0000,1024,,BB226100
89,FB227010,Dabur Meswak 10gm New,576,BB227,t,f,Domestic,Toothpaste ,,10.0000,1024,,BB22710
90,FB226200,Dabur Meswak 200gm,36,BB226,t,t, Domestic ,Toothpaste ,0.2390,200.0000,1024,,BB226200
91,FG22603501,Dabur Meswak 35g pack Free with AHO 90ml,216,BB226,t,t, Domestic ,Toothpaste ,0.0420,35.0000,1024,,BB22635
92,FG22603502,Dabur Meswak 35gm free with VHO 75ml,216,BB226,t,t, Domestic ,Toothpaste ,0.0490,35.0000,1024,,BB22635
93,FB226050,Dabur Meswak 50gm,144,BB226,t,t, Domestic ,Toothpaste ,0.0600,50.0000,1024,,BB22650
94,FB22820000CA,Dabur Meswak HTP Dentifrice 200g-Canada,36,BB228,t,t,IBD,Toothpaste ,,200.0000,1024,,BB228200
95,FB22820000US,Dabur Meswak HTP Dentifrice 200g-USA,36,BB228,t,t,IBD,Toothpaste ,,200.0000,1024,,BB228200
96,FB22602000US,Dabur Meswak Toothpaste 20gm -USA,432,BB228,t,t,IBD,Toothpaste ,,20.0000,1024,,BB22820
97,FB21210000RU,Dabur Promise Red Gel 100 gm- RU,72,BB212A,t,t, IBD ,Toothpaste ,0.1200,100.0000,1024,,BB212A100
98,FB21210000SS,Dabur Promise Red Gel 100 gm- SSA,72,BB212A,t,t, IBD ,Toothpaste ,0.1200,100.0000,1024,,BB212A100
99,FB21204000SS,Dabur Promise Red gel 40 gm - SSA,144,BB212A,t,t, IBD ,Toothpaste ,0.0600,40.0000,1024,,BB212A40
100,FB24310000SS,Dabur Promise Toothpaste 100 gm- SSA-N,72,BB243,t,t, IBD ,Toothpaste ,0.1200,100.0000,1024,,BB243100
101,FB24304000SS,Dabur Promise Toothpaste 40 gm- SSA-N,144,BB243,t,t, IBD ,Toothpaste ,0.0600,40.0000,1024,,BB24340
102,FB21017001UC,Dabur PromiseTPST 170g(2x170gCP)-Usa-Can,36,BB210A,t,t,IBD,Toothpaste ,0.4030,340.0000,1024,,BB210A340
103,FC250100GC,DABUR RED  PASTE 100 GM X 72 PCS,72,BC250,t,t, IBD ,Toothpaste RTP,8.9000,100.0000,1024,,BC250100
104,FC25010000UK,Dabur Red Paste (UK) 100 Gms,72,BC250,t,t, IBD ,Toothpaste RTP,0.1040,100.0000,1024,,BC250100
105,FC25010000MN,Dabur Red Paste 100 gm - MN,72,BC250,t,t,IBD,Toothpaste RTP,0.1250,100.0000,1024,,BC250100
106,FC25010000QT,Dabur Red Paste 100 gm - Qatar,72,BC250,t,t,IBD,Toothpaste RTP,0.1250,100.0000,1024,,BC250100
107,FC25010000RU,Dabur Red Paste 100 gm - Russian Pack,72,BC250,t,t, IBD ,Toothpaste RTP,0.1250,100.0000,1024,,BC250100
108,FC25010000UR,Dabur Red Paste 100 Gm (Ukrain),72,BC250,t,t, IBD ,Toothpaste RTP,0.1220,100.0000,1024,,BC250100
109,FR211100,Dabur Red Paste 100g (New Design),72,BR211,t,,Domestic,Toothpaste  RTP,,100.0000,1024,,BR211100
110,FC250100,Dabur Red Paste 100gm,72,BC250,t,t, IBD ,Toothpaste RTP,0.1250,100.0000,1024,,BC250100
111,FC25010000SL,Dabur Red Paste 100gm (72 C/S Pack)-SL,72,BC250,t,t, IBD ,Toothpaste RTP,0.1250,100.0000,1024,,BC250100
112,FC250C10N,Dabur Red Paste 100gm CSD Index 4005,72,BC250,t,t, Domestic ,Toothpaste RTP,0.1220,100.0000,1024,,BC250100
113,FR211C10,Dabur Red Paste 100gm CSD New,72,BR211,t,t,Domestic,Toothpaste  RTP,,100.0000,1024,,BR211100
114,FC25010000AF,Dabur Red Paste 100gm-Afghanistan,72,BC250,t,t,IBD,Toothpaste RTP,0.1220,100.0000,1024,,BC250100
115,FC250C1002,Dabur Red Paste 100gm-CSD C/s 216,216,BC250,t,t, Domestic ,Toothpaste RTP,0.1200,100.0000,1024,,BC250100
116,FC25015000MN,Dabur Red Paste 150 gm - MN,48,BC250,t,t,IBD,Toothpaste RTP,0.1800,150.0000,1024,,BC250150
117,FC25020000MN,Dabur Red Paste 200 gm - MN,36,BC250,t,t,IBD,Toothpaste RTP,0.2410,200.0000,1024,,BC250200
118,FC25020000UR,Dabur Red Paste 200 gm (Ukrain),36,BC250,t,t, IBD ,Toothpaste RTP,0.2390,200.0000,1024,,BC250200
119,FC25020000QT,Dabur Red Paste 200g - Qatar,36,BC250,t,t,IBD,Toothpaste RTP,0.2410,200.0000,1024,,BC250200
120,FC250200,Dabur Red Paste 200gm,36,BC250,t,t, IBD ,Toothpaste RTP,0.2410,200.0000,1024,,BC250200
121,FC25020000GC,Dabur Red Paste 200gm - GC,36,BC250,t,t, IBD ,Toothpaste RTP,0.2410,200.0000,1024,,BC250200
122,FC25020000SL,Dabur Red Paste 200gm (36 C/S Pack)-SL,36,BC250,t,t, IBD ,Toothpaste RTP,0.2400,200.0000,1024,,BC250200
123,FR211200,Dabur Red Paste 200gm (New Design),36,BR211,t,,Domestic,Toothpaste  RTP,0.2330,200.0000,1024,,BR211200
124,FC25020000UC,Dabur Red Paste 200gm (US/CAN),36,BC250,t,t, IBD ,Toothpaste RTP,0.2600,200.0000,1024,,BC250200
125,FC250C20N,Dabur Red Paste 200gm CSD Index 4006,36,BC250,t,t, Domestic ,Toothpaste RTP,0.2390,200.0000,1024,,BC250200
126,FR211C20,Dabur Red Paste 200gm CSD New,36,BR211,t,t,Domestic,Toothpaste  RTP,,200.0000,1024,,BR211200
127,FC250C2003,Dabur Red Paste 200gm-CSD C/s 108,108,BC250,t,t, Domestic ,Toothpaste RTP,0.2200,200.0000,1024,,BC250200
128,FC25005000UR,Dabur Red Paste 50 Gm (Ukrain),144,BC250,t,t, IBD ,Toothpaste RTP,0.0600,50.0000,1024,,BC25050
129,FC250050,Dabur Red Paste 50gm,144,BC250,t,t, IBD ,Toothpaste RTP,0.0660,50.0000,1024,,BC25050
130,FC25005000SL,Dabur Red Paste 50gm (144 C/S Pack)-SL,144,BC250,t,t, IBD ,Toothpaste RTP,0.0600,50.0000,1024,,BC25050
131,FC250C50N,Dabur red Paste 50gm CSD Index 4058,144,BC250,t,t, Domestic ,Toothpaste RTP,0.0640,50.0000,1024,,BC25050
132,FC25020000AF,Dabur Red Toothpaste 200g- Afghanistan,36,BC250,t,t,IBD,Toothpaste RTP,0.2410,200.0000,1024,,BC250200
133,FR21020000UC,Dabur Red Toothpaste 200G-Us-Can (PF),36,BR210,t,t,IBD,Toothpaste ,,200.0000,1024,,BR210200
134,FC25005000MN,Dabur Red Toothpaste 50g - MN,144,BC250,t,t,IBD,Toothpaste RTP,0.0660,50.0000,1024,,BC25050
135,FC22515001QT,DaburHerbalT.Paste-Freshgel150gm+TB-QTR,48,BC227,t,t,IBD,Toothpaste ,0.2400,150.0000,1024,,BC227150
136,FB62112501RU,Dentacare CavityProtectionTpst125+20g-RU,72,BB621A,t,,IBD,Toothpaste ,0.1900,145.0000,1024,,BB621A145
137,FB61812501RU,Dentacare Tpst (B.Soda) 125+20g-RU,72,BB618A,t,,IBD,Toothpaste ,0.1900,145.0000,1024,,BB618A145
138,FB62212501RU,Dentacare Tpst (Herbal) 125+20g-RU,72,BB622A,t,,IBD,Toothpaste ,0.1900,145.0000,1024,,BB622A145
139,FB62012501RU,Dentacare Tpst (Whitening) 125+20g-RU,72,BB620A,t,,IBD,Toothpaste ,0.1900,145.0000,1024,,BB620A145
140,FB61912501RU,Dentacare Tpst(Tartar.control)125+20g-RU,72,BB619A,t,,IBD,Toothpaste ,0.1900,145.0000,1024,,BB619A145
141,FB58505000CZ,Dentamax Children TP- Strawberry 50ML-CZ,72,BB585,t,f, Pvt Label ,Toothpaste ,0.0880,66.5000,1024,,BB58566.5
142,FB83007500EX,Denthoral Ultra White Toothpaste 75 ML,80,BB830,t,t, Pvt Label ,Toothpaste ,0.1240,91.5000,1024,,BB83091.5
143,FB83007501EX,Denthoral UltraWhite TP 75ml(12�s Inner),72,BB830,t,t, Pvt Label ,Toothpaste ,0.1280,91.5000,1024,,BB83091.5
144,FB30307500EX,Dentifrice Fluoride Toothpaste 75 ML,72,BB280,t,f, Pvt Label ,Toothpaste ,0.1430,117.0000,1024,,BB280117
145,FB35312500EX,Derlon Anti Caries Toothpaste 125ml,72,BB353A,t,f,Pvt Label,Toothpaste ,,196.0000,1024,,BB353A196
146,FB35112500EX,Derlon Coolmint Toothpaste 125ml,72,BB351A,t,f,Pvt Label,Toothpaste ,,153.0000,1024,,BB351A153
147,FB35110000EX,Derlon Tandpasta Coolmint 100ml,72,BB351,t,f, Pvt Label ,Toothpaste ,0.1580,122.0000,1024,,BB351122
148,FB35210000EX,Derlon Tandpasta Softmint 100ml,72,BB352,t,f, Pvt Label ,Toothpaste ,0.1580,122.0000,1024,,BB352122
149,FB31712500EX,Dr. Jones Toothpaste 125 ml,72,BB317,t,f, Pvt Label ,Toothpaste Stripe,0.1830,152.5000,1024,,BB317152.5
150,FB46504000EX,Dr.Max Smile Denture Adhesive 40g,72,BB465,t,t, Pvt Label ,HRC tube,0.0690,40.0000,1025,,BB46540
151,FB46805000EX,DX Dental Denture Adhesive 50ml,72,BB468,t,t, Pvt Label ,HRC tube,0.0840,55.0000,1025,,BB46855
152,FB57304300EX,Dynarex Morning Fresh Fl TPST - 43g,144,BB573,t,t, Pvt Label ,Toothpaste ,0.0560,43.0000,1024,,BB57343
153,FB57307800EX,Dynarex Morning Fresh Fl TPST - 78g,144,BB573,t,t, Pvt Label ,Toothpaste ,0.0980,78.0000,1024,,BB57378
154,FB38102000EX,Emmelle Hyalluron Pro+ TPST 20ML (26GM),480,BB381,t,f, Pvt Label ,Toothpaste ,0.0320,26.0000,1024,,BB38126
155,FB38107500EX,Emmelle Hyalluron Pro+ TPST 75ML (98 GM),96,BB381,t,t, Pvt Label ,Toothpaste ,0.1290,98.0000,1024,,BB38198
156,FB28402000FN,EMMELLE TOOTHPASTE - 20 ML (26 G) - Fin,480,BB284,t,f, Pvt Label ,Toothpaste ,0.0320,26.0000,1024,,BB28426
157,FB28407500FN,EMMELLE TOOTHPASTE - 75 ML (98 G) - Fin,96,BB284,t,t, Pvt Label ,Toothpaste ,0.1290,98.0000,1024,,BB28498
158,FB27305000EX,Eucryl TPDR 50g (Original Flav)(12 PK),192,BB273,t,t, Pvt Label ,Toothpowder ,0.0760,50.0000,1024,,BB27350
159,FB274050T02EX,EUCRYL TPDR 50G(FRESHMINT FLAV)(12 PK),192,BB278,t,t, Pvt Label ,Toothpowder ,0.0760,50.0000,1024,,BB27850
160,FB273050T02EX,EUCRYL TPDR 50G(ORIGINAL FLAV)(12 PK),192,BB273,t,t, Pvt Label ,Toothpowder ,0.0760,50.0000,1024,,BB27350
161,FB274062EX,EUCRYL TPST- F.MINT FLA-50ML(62G),144,BB274,t,t, Pvt Label ,Toothpaste ,0.0830,62.0000,1024,,BB27462
162,FI362005,FEM AD HRC Restoring Gold Gel -5g,1,BI362,f,, Domestic ,Bleach Pouch ,,5.0000,1025,,BI3625
163,FI360005,FEM AD HRC Restoring Trmc Lotion - 5g,1,BI360,f,, Domestic ,Bleach Pouch ,,5.0000,1025,,BI3605
164,FM36204001,Fem AD.HRC Gold 40gmTube CP Gulab. 30ml,96,BM362,f,t, Domestic ,HRC tube,0.1350,40.0000,1025,,BM36240
165,FM05740J04,Fem AD.HRC Rose 40g JarCP Gulabari 30ml,96,BM057,f,t, Domestic ,HRC jar,0.1350,40.0000,1025,,BM05740
166,FM05704001,Fem AD.HRC Rose 40gmTube CP Gulab. 30ml,96,BM057,f,t, Domestic ,HRC tube,0.1350,40.0000,1025,,BM05740
167,FM05204001,Fem AD.HRC Sandal 40gmTube CP Gulab. 30ml,96,BM052,f,t, Domestic ,HRC tube,0.1350,40.0000,1025,,BM05240
168,FM36004001,Fem AD.HRC Turmeric 40gmTube CP Gulab. 30ml,96,BM360,f,t, Domestic ,HRC tube,0.1350,40.0000,1025,,BM36040
169,FM36240J04,Fem AD.HRCGold 40gmJar CP Gulabari 30ml,96,BM362,f,t, Domestic ,HRC jar,0.1350,40.0000,1025,,BM36240
170,FM05240J04,Fem AD.HRCTurmeric 40gmJar CP Gulabari 30ml,96,BM052,f,t, Domestic ,HRC jar,0.1350,40.0000,1025,,BM05240
171,FM36040J04,Fem AD.HRCTurmeric 40gmJar CP Gulabari 30ml,96,BM360,f,t, Domestic ,HRC jar,0.1350,40.0000,1025,,BM36040
172,FM057040,Fem Antidarkening  HRC Rose  40gm Tube,96,BM057,f,t, Domestic ,HRC tube,0.0900,40.0000,1025,,BM05740
173,FM362040,Fem Antidarkening HRC Gold  40gm Tube,96,BM362,f,t, Domestic ,HRC tube,0.0900,40.0000,1025,,BM36240
174,FM362025,FEM Antidarkening HRC Gold 25gm Tube,144,BM362,f,t, Domestic ,HRC tube,0.0610,25.0000,1025,,BM36225
175,FG362025,Fem Antidarkening HRC Gold 25gmTube Free,144,BM362,f,t, Domestic ,HRC tube,0.0630,25.0000,1025,,BM36225
176,FM36240J,Fem Antidarkening HRC Gold 40gm Jar,96,BM362,f,t, Domestic ,HRC jar,0.0910,40.0000,1025,,BM36240
177,FM057025,FEM Antidarkening HRC Rose 25gm Tube,144,BM057,f,t, IBD ,HRC tube,0.0580,25.0000,1025,,BM05725
178,FM05740J,FEM Antidarkening HRC Rose 40gm Jar,96,BM057,f,t, Domestic ,HRC jar,0.0880,40.0000,1025,,BM05740
179,FM052040,Fem Antidarkening HRC Sandal  40gm Tube,96,BM052,f,t, Domestic ,HRC tube,0.0900,40.0000,1025,,BM05240
180,FM052025,FEM Antidarkening HRC Sandal 25gm Tube,144,BM052,f,t, IBD ,HRC tube,0.0580,25.0000,1025,,BM05225
181,FM05240J,FEM Antidarkening HRC Sandal 40gm Jar,96,BM052,f,t, Domestic ,HRC jar,0.0880,40.0000,1025,,BM05240
182,FM360025,Fem Antidarkening HRC Turmeric 25gm Tube ,144,BM360,f,t, Domestic ,HRC tube,0.0610,25.0000,1025,,BM36025
183,FM36040J,Fem Antidarkening HRC Turmeric 40gm Jar,96,BM360,f,t, Domestic ,HRC jar,0.0910,40.0000,1025,,BM36040
184,FM360040,Fem Antidarkening HRC Turmeric 40gm Tube,96,BM360,f,t, Domestic ,HRC tube,0.0900,40.0000,1025,,BM36040
185,FM012C52,Fem Bleach A&P 52.8gm - New CSD,144,BM012,f,t, Domestic ,Bleach ,0.1200,52.8000,1025,,BM01252.8
186,FM066C40J,Fem DC Hair Rem. Blossom 40gm Jar-CSD,144,BM066,f,, Domestic ,HRC jar,0.0900,40.0000,1025,,BM06640
187,FM061C40J,Fem DC Hair Rem. Lemon 40gm Jar-CSD,144,BM061,f,, Domestic ,HRC jar,0.0900,40.0000,1025,,BM06140
188,FM056C40J,Fem DC Hair Rem. Rose 40gm Jar-CSD,144,BM056,f,, Domestic ,HRC jar,0.0900,40.0000,1025,,BM05640
189,FM066C25,Fem DC Hair Remover Blossom 25gm CSD,288,BM066,f,, Domestic ,HRC tube,0.0590,25.0000,1025,,BM06625
190,FM051C25,Fem DC Hair Remover Chandan 25gm CSD,288,BM051,f,, Domestic ,HRC tube,0.0590,25.0000,1025,,BM05125
191,FM051C40J,Fem DC Hair Remover Chandan40gm Jar-CSD,144,BM051,f,, Domestic ,HRC jar,0.0900,40.0000,1025,,BM05140
192,FM061C25,Fem DC Hair Remover Lemon 25gm CSD,288,BM061,f,, Domestic ,HRC tube,0.0590,25.0000,1025,,BM06125
193,FM056C25,Fem DC Hair Remover Rose 25gm CSD,288,BM056,f,, Domestic ,HRC tube,0.0590,25.0000,1025,,BM05625
194,FM19110000EX,Fem Fair&Radiant Moist F Cream 100gm New,48,BM191,f,t, IBD ,Bleach ,0.1360,100.0000,1025,,BM191100
195,FM19102500EX,Fem Fair&Radiant Moist F Cream 25gm New,72,BM191,f,t, IBD ,Bleach ,0.0430,25.0000,1025,,BM19125
196,FM19105000EX,Fem Fair&Radiant Moist F Cream 50gm New,48,BM191,f,t, IBD ,Bleach ,0.0760,50.0000,1025,,BM19150
197,FM05312000UC,Fem Hair Rem Cream-Sandal 120gm(U/C) New,36,BM053,f,t, IBD ,HRC tube,0.1820,120.0000,1025,,BM053120
198,FM05912000UC,Fem Hair Remov Cream-Rose 120gm(U/C) New,36,BM059,f,t, IBD ,HRC tube,0.1820,120.0000,1025,,BM059120
199,FM05312000TU,Fem Hair Removal Crm- Dry Skin 120g- TR,48,BM053,f,t, IBD ,HRC tube,0.1820,120.0000,1025,,BM053120
200,FM06412000TU,Fem Hair Removal Crm-Normal Skin 120g-TR,48,BM064,f,t, IBD ,HRC tube,0.1820,120.0000,1025,,BM064120
201,FM05904000TU,Fem Hair Removal Crm-Senstv-Rose- 40g-TR,48,BM059,f,t, IBD ,HRC tube,0.0740,40.0000,1025,,BM05940
202,FM05912000TU,Fem Hair Removal Crm-Senstv-Rose-120g-TR,48,BM059,f,t, IBD ,HRC tube,0.1820,120.0000,1025,,BM059120
203,FM046024,FEM Naturals Saffron Fairness Bl 24 gm,96,BM046,f,t, Domestic ,Bleach ,0.0600,24.0000,1025,,BM04624
204,FM046008,FEM Naturals Saffron Fairness Bl 8 gm,144,BM046,f,t, Domestic ,Bleach ,0.0260,8.0000,1025,,BM0468
205,FM123C01,Fem SoftHandz1Ltr Disp MixCSD-Indx:3403L,12,BM101,f,, Domestic ,Handwash ,1.1700,1000.0000,1025,,BM1011000
206,FM01102500GC,Fem USA Apple&Peach F.CreamBleach25gm-GC,96,BM012,f,t, IBD ,Bleach ,0.0630,25.0000,1025,,BM01225
207,FM01210000GC,Fem USA Bleach Apple & Peach 100gm - New,48,BM012,f,t, IBD ,Bleach ,0.2040,100.0000,1025,,BM012100
208,FM01205000GC,Fem USA Bleach Apple & Peach 50gm - New,72,BM012,f,t, IBD ,Bleach ,0.1210,50.0000,1025,,BM01250
209,FM02210000GC,Fem USA Bleach Milk & Pearl 100gm New,48,BM022,f,t, IBD ,Bleach ,0.2040,100.0000,1025,,BM022100
210,FM02205000GC,Fem USA Bleach Milk & Pearl 50g New,72,BM022,f,t, IBD ,Bleach ,0.1210,50.0000,1025,,BM02250
211,FM06811000GC,Fem USA Hair Removal Cream- Gold 110gm,48,BM068,f,t, IBD ,HRC tube,0.1720,110.0000,1025,,BM068110
212,FM06704000GC,Fem USA Hair Removal Crm- Aloe Vera 40gm,96,BM049,f,t, IBD ,HRC tube,0.0740,40.0000,1025,,BM04940
213,FM47601500GC,Fem USA Herbal Bleach 15gm - New,96,BM476,f,t, IBD ,Bleach ,0.0590,15.0000,1025,,BM47615
214,FM07412000GC,Fem USA HRC - Lemon 120gm-GCC,48,BM074,f,,IBD,HRC tube,,120.0000,1025,,BM074120
215,FM07312000GC,Fem USA HRC - Rose 120gm-GCC,48,BM073,f,,IBD,HRC tube,,120.0000,1025,,BM073120
216,FM05304000EX,Fem USA HRC - Sandal 40gm - Tube New,96,BM053,f,t, IBD ,HRC tube,0.0740,40.0000,1025,,BM05340
217,FM04912000GC,Fem USA HRC -AloeVera 120g+ Bal Lot- New,48,BM049,f,t, IBD ,HRC tube,0.1820,120.0000,1025,,BM049120
218,FM06404000EX,Fem USA HRC -Blossom 40gm -Tube New,96,BM064,f,t, IBD ,HRC tube,0.0740,40.0000,1025,,BM06440
219,FM04912001TR,Fem USA HRC AloeVera 120g+ Bal lot CP-TR,48,BM049,f,t, IBD ,HRC tube,0.1820,120.0000,1025,,BM049120
220,FM06412000GC,Fem USA HRC- Blossom 120gm +Bal Lot -New,48,BM064,f,t, IBD ,HRC tube,0.1820,120.0000,1025,,BM064120
221,FM06404000SE,Fem USA HRC- Blossom 40gm -Tube SEA,96,BM064,f,t, IBD ,HRC tube,0.0740,40.0000,1025,,BM06440
222,FM06404000MN,Fem USA HRC- Blossom 40gm tube -Myanmar,96,BM064,f,t, IBD ,HRC tube,0.0740,40.0000,1025,,BM06440
223,FM06304000EX,Fem USA HRC- Lemon 40gm - Tube New,96,BM063,f,t, IBD ,HRC tube,0.0740,40.0000,1025,,BM06340
224,FM06304000SE,Fem USA HRC- Lemon 40gm -Tube SEA,96,BM063,f,t, IBD ,HRC tube,0.0740,40.0000,1025,,BM06340
225,FM06304000MN,Fem USA HRC- Lemon 40gm tube -Myanmar,96,BM063,f,t, IBD ,HRC tube,0.0740,40.0000,1025,,BM06340
226,FM05912000GC,Fem USA HRC- Rose 120gm +Bal Lot- New,48,BM059,f,t, IBD ,HRC tube,0.1820,120.0000,1025,,BM059120
227,FM05904000EX,Fem USA HRC- Rose 40gm -Tube New,96,BM059,f,t, IBD ,HRC tube,0.0740,40.0000,1025,,BM05940
228,FM05904000SE,Fem USA HRC- Rose 40gm -Tube SEA,96,BM059,f,t, IBD ,HRC tube,0.0740,40.0000,1025,,BM05940
229,FM05904000MN,Fem USA HRC- Rose 40gm tube -Myanmar,96,BM059,f,t, IBD ,HRC tube,0.0740,40.0000,1025,,BM05940
230,FM05312000GC,Fem USA HRC- Sandal 120gm + Bal Lot -New,48,BM053,f,t, IBD ,HRC tube,0.1820,120.0000,1025,,BM053120
231,FM05304000SE,Fem USA HRC- Sandal 40gm -Tube SEA,96,BM053,f,t, IBD ,HRC tube,0.0740,40.0000,1025,,BM05340
232,FM05304000MN,Fem USA HRC- Sandal 40gm tube - Myanmar,96,BM053,f,t, IBD ,HRC tube,0.0740,40.0000,1025,,BM05340
233,FM06312000GC,Fem USA HRC-Lemon 120gm+ Bal Lot - New,48,BM063,f,t, IBD ,HRC tube,0.1820,120.0000,1025,,BM063120
234,FM07112000GC,Fem USA HRC-RejuvenatingChamomile120g-GC,48,BM071,f,,IBD,HRC tube,,120.0000,1025,,BM071120
235,FM04715000EX,Fem USA In Shower HRC - Aloe Vera 150ml,96,BM047,f,, IBD ,HRC tube,0.2330,159.0000,1025,,BM047159
236,FM05815000EX,Fem USA In Shower HRC - Rose 150ml,96,BM058,f,, IBD ,HRC tube,0.2330,159.0000,1025,,BM058159
237,FM03602500GC,Fem USA Oxy Bleach 25gm New,72,BM036,f,t, IBD ,Bleach ,0.0830,25.0000,1025,,BM03625
238,FI052005,FEMANTI DARKENINGPOST H REMOVAL MOIST-5g- 25g,1,BI052,f,, Domestic ,Bleach Pouch ,,,1025,,BI052
239,FB30418102EX,Fluoride Cavity Fighting TP 181G+TB-24pk,24,BB304,t,t,Pvt Label,Toothpaste ,,181.0000,1024,,BB304181
240,FB30418100EX,Fluoride Cavity Fighting TPST 181G + TBR,48,BB304,t,t, Pvt Label ,Toothpaste ,0.2460,181.0000,1024,,BB304181
241,FB83707500EX,Forhans Denti Sensibili Advanced TP 75ml,72,BB837,t,t, Pvt Label ,Toothpaste ,0.1470,101.2500,1024,,BB837101.25
242,FB83605000EX,Forhans Kids Tpst 50ml- Bubble Gum,72,BB836,t,f, Pvt Label ,Toothpaste ,0.0850,65.0000,1024,,BB83665
243,FB83501200EX,Forhans Smalto Toothpaste 12.5 ML,432,BB835,t,t, Pvt Label ,Toothpaste ,0.0260,16.6300,1024,,BB83516.63
244,FB83507500EX,Forhans Smalto Toothpaste 75 ML,72,BB835,t,t, Pvt Label ,Toothpaste ,0.1460,100.0000,1024,,BB835100
245,FB83507501EX,Forhans Smalto TP 75 ML- 12�s Inner Pack,72,BB835,t,t, Pvt Label ,Toothpaste ,0.1500,100.0000,1024,,BB835100
246,FB83801200EX,Forhans Special Toothpaste 12.5 ML-25 pk,150,BB838,t,t,Pvt Label,Toothpaste ,,17.0000,1024,,BB83817
247,FB83507502EX,ForhansSmalto75ml+ForhansSmalto12.5ml TP,48,BB835,t,t, Pvt Label ,Toothpaste ,0.1880,116.0000,1024,,BB835116.38
248,FB54419800EX,Freshenup Fld Twin(Breath+Tartar)7oz198g,12,BB543,t,,Pvt Label,Toothpaste ,0.2550,198.0000,1024,,BB543ABB542A198
249,FB54519800EX,Freshenup Fld Twin(Ghost+Enamel)7oz198g,12,BB541,t,,Pvt Label,Toothpaste ,0.2550,198.0000,1024,,BB541ABB540A198
250,FB39000801EX,Freshmint AC FLD Gel Sachet 0.28OZ (08G),1000,BB390,t,,Pvt Label,Toothpaste Pouch ,,8.0000,1024,,BB3908
251,FB39007100EX,Freshmint AC FLD Gel TPST 2.5OZ (71G),144,BB390,t,f,Pvt Label,Toothpaste ,0.0840,71.0000,1024,,BB39071
252,FB38905900EX,Freshmint AF Mouthwash � 2 fl oz (59ml),96,BB389,t,,Pvt Label,Mouthwash ,,59.0000,1024,,BB38959
253,FB38911800EX,Freshmint AF Mouthwash � 4 fl oz (118ml),60,BB389,t,,Pvt Label,Mouthwash ,,118.0000,1024,,BB389118
254,FB39000800EX,Freshmint Anticavity FLD GEL TPST 0.28OZ,1000,BB299,t,, Pvt Label ,Toothpaste Pouch ,0.0110,8.0000,1024,,BB2998
255,FB30802400EX,FRESHMINT DENTURE ADHESIVE 24G-0.85 OZ,144,BB308,t,t, Pvt Label ,HRC tube,0.0540,24.0000,1025,,BB30824
256,FB30805600EX,Freshmint Denture Adhesive 56.7G-20Z-DA2,72,BB308,t,, Pvt Label ,HRC tube,0.0880,56.7000,1025,,BB30856.7
257,FB30806800EX,Freshmint Denture Adhesive 68G-2.4 OZ,72,BB308,t,t, Pvt Label ,HRC tube,0.1020,68.0000,1025,,BB30868
258,FB43107800EX,Freshmint Flouride Free TPST 78gm-2.75oz,144,BB431,t,t,Pvt Label,Toothpaste ,,78.0000,1024,,BB43178
259,FB29913000EX,Freshmint Fluoride Gel TPST 130G(4.6OZ),60,BB299,t,f, Pvt Label ,Toothpaste ,0.1590,130.0000,1024,,BB299130
260,FB29901700EX,Freshmint Fluoride Gel TPST 17G (0.6OZ),720,BB299,t,f, Pvt Label ,Toothpaste ,0.0230,17.0000,1024,,BB29917
261,FB29918100EX,Freshmint Fluoride GEL TPST 181G - 6.4OZ,48,BB299,t,f, Pvt Label ,Toothpaste ,0.2250,181.0000,1024,,BB299181
262,FB29902400EX,Freshmint Fluoride Gel TPST 24G- 0.85 OZ,720,BB299,t,f, Pvt Label ,Toothpaste ,0.0310,24.0000,1024,,BB29924
263,FB29904300EX,Freshmint Fluoride Gel TPST 43 G (1.5) O,144,BB299,t,f, Pvt Label ,Toothpaste ,0.0570,43.0000,1024,,BB29943
264,FB29907800EX,Freshmint Fluoride Gel TPST 78G- 2.75 OZ,144,BB299,t,f, Pvt Label ,Toothpaste ,0.0950,78.0000,1024,,BB29978
265,FB28013000EX,Freshmint Fluoride TPST 130g (4.6) OZ,60,BB280,t,t, Pvt Label ,Toothpaste ,0.1580,130.0000,1024,,BB280130
266,FB28001700EX,Freshmint Fluoride TPST 17g (0.6) OZ,720,BB280,t,f, Pvt Label ,Toothpaste ,0.0220,17.0000,1024,,BB28017
267,FB28001701EX,Freshmint Fluoride TPST 17G (0.6OZ)-TP6A,720,BB280,t,f, Pvt Label ,Toothpaste ,0.0230,17.0000,1024,,BB28017
268,FB28018100EX,Freshmint Fluoride TPST 181g (6.4) OZ,48,BB280,t,t, Pvt Label ,Toothpaste ,0.2130,181.0000,1024,,BB280181
269,FB28002400EX,Freshmint Fluoride TPST 24g(0.85) OZ,720,BB280,t,f, Pvt Label ,Toothpaste ,0.0290,24.0000,1024,,BB28024
270,FB28004300EX,Freshmint Fluoride TPST 43g (1.5) OZ,144,BB280,t,f, Pvt Label ,Toothpaste ,0.0530,43.0000,1024,,BB28043
271,FB280043C0EX,Freshmint Fluoride TPST 43g (1.5) OZ-CRT,144,BB280,t,t, Pvt Label ,Toothpaste ,0.0560,43.0000,1024,,BB28043
272,FB28007800EX,Freshmint Fluoride TPST 78g (2.75) OZ,144,BB280,t,f, Pvt Label ,Toothpaste ,0.0910,78.0000,1024,,BB28078
273,FB280078C0EX,Freshmint Fluoride TPST 78g 2.75 OZ CRTN,144,BB280,t,t, Pvt Label ,Toothpaste ,0.0970,78.0000,1024,,BB28078
274,FB43102400EX,Freshmint Fluoride-Free TPST 24G-0.85 OZ,720,BB431,t,f, Pvt Label ,Toothpaste ,0.0300,24.0000,1024,,BB43124
275,FB43002400EX,Freshmint kids FF BG TP 24gm (.85 oz),144,BB430,t,f, Pvt Label ,Toothpaste ,0.0330,24.0000,1024,,BB43024
276,FB43208501EX,Freshmint Pre AC TP 85G-3OZ ADA-24 PCS,24,BB551,t,f, Pvt Label ,Toothpaste ,0.1040,85.0000,1024,,BB55185
277,FB39102800EX,Freshmint Prem Anticavity Gel TPST 28G,144,BB391,t,f, Pvt Label ,Toothpaste ,0.0360,28.0000,1024,,BB39128
278,FB39108500EX,Freshmint Prem Anticavity Gel TPST 85G,72,BB391,t,f, Pvt Label ,Toothpaste ,0.1040,85.0000,1024,,BB39185
279,FB43200800EX,Freshmint Premium AC TPST 8G-0.28OZ-ADA,1000,BB551,t,, Pvt Label ,Toothpaste Pouch ,0.0100,8.0000,1024,,BB5518
280,FB43213000EX,Freshmint Premium TP 130g-4.6 OZ-ADA 46,24,BB551,t,t, Pvt Label ,Toothpaste ,0.1650,130.0000,1024,,BB551130
281,FB43202400EX,Freshmint Premium TP 24g-0.85 OZ-ADA85,144,BB551,t,f, Pvt Label ,Toothpaste ,0.0310,24.0000,1024,,BB55124
282,FB43204300EX,Freshmint Premium TP 43g-1.5 OZ-ADA15,144,BB551,t,f, Pvt Label ,Toothpaste ,0.0580,43.0000,1024,,BB55143
283,FB43208500EX,Freshmint Premium TP 85g-3 OZ-ADA3,72,BB551,t,f, Pvt Label ,Toothpaste ,0.1010,85.0000,1024,,BB55185
284,FB43202401EX,Freshmint PrmTP 24g-0.85OZ-ADA85-TopSeal,144,BB551,t,f, Pvt Label ,Toothpaste ,0.0340,24.0000,1024,,BB55124
285,FB30212200EX,Freshmint Sensitive TPST122G-4.3oz-TPS43,24,BB302,t,t, Pvt Label ,Toothpaste ,0.1550,122.0000,1024,,BB302122
286,FB59818101EXHS,Health Smart Fld Freshmint 181g6.4oz+TBR,24,BB598A,t,,Pvt Label,Toothpaste ,0.2480,181.0000,1024,,BB598A181
287,FB47218101EXHS,Health Smart Fld Regular TP181g6.4OZ+TBR,24,BB472A,t,,Pvt Label,Toothpaste ,0.2480,181.0000,1024,,BB472A181
288,FI476002GC,Herbal Pdr Activator-2g for H B-15g-GC,96,BI476,f,, IBD ,Activator ,,15.0000,1025,,BI47615
289,FI47600101GC,Herbal Post Bleech Cream-1g-H B-15g-GC,72,BI476B,t,, IBD ,Bleach Pouch ,,25.0000,1025,,BI476B25
290,FI476001GC,Herbal Pre Bleech Cream-1g-H B-15g-GC,96,BI476A,t,, IBD ,Bleach Pouch ,,15.0000,1025,,BI476A15
291,FB89602100EX,HONEY & MISWAK FL FREE TPST 0.75Oz (21g),432,BB896A,t,t,Pvt Label,Toothpaste ,,21.0000,1024,,BB896A21
292,FB89612800EX,HONEY & MISWAK FL FREE TPST 4.5Oz (128g),72,BB896A,t,t,Pvt Label,Toothpaste ,,128.0000,1024,,BB896A128
293,FB89618400EX,HONEY & MISWAK FL FREE TPST 6.5Oz (184g),48,BB896A,t,t,Pvt Label,Toothpaste ,,184.0000,1024,,BB896A184
294,FB30518101EX,Iodent FL TPST-Mint 181g-6.4oz+TB(24 pc),24,BB305,t,t,Pvt Label,Toothpaste ,,181.0000,1024,,BB305181
295,FB30518100EX,Iodent Fluoride TPST-Mint 181g-6.4oz+TBR,48,BB305,t,t, Pvt Label ,Toothpaste ,0.2460,181.0000,1024,,BB305181
296,FB37608500EX,Iodent Kids FL TPST-Bblgum 85g-3oz+TBR,48,BB376,t,t, Pvt Label ,Toothpaste ,0.1280,85.0000,1024,,BB37685
297,FB37508500EX,Iodent Kids FL TPST-C.Fruty 85g-3oz+TBR,48,BB375,t,t, Pvt Label ,Toothpaste ,0.1280,85.0000,1024,,BB37585
298,FB37711300EX,Iodent Sensitive TP Fresh Mint 4oz 113g,24,BB377,t,t, Pvt Label ,Toothpaste ,0.1500,113.0000,1024,,BB377113
299,FB37811300EX,Iodent SensitiveTPExtra Whitening4oz113g,24,BB378,t,t, Pvt Label ,Toothpaste ,0.1500,113.0000,1024,,BB378113
300,FB57812500EX,Jumbo Sensitive Fl Tpst 125ml,72,BB578,t,f, Pvt Label ,Toothpaste Stripe,0.1890,162.5000,1024,,BB578162.5
301,FB57712500EX,Jumbo Whitening Fl Tpst 125ml,72,BB577,t,f, Pvt Label ,Toothpaste ,0.1890,162.5000,1024,,BB577162.5
302,FB84007500EX,Kidz Pre Step Tpst 75ml- Bubble Gum,72,BB840,t,t, Pvt Label ,Toothpaste ,0.1380,92.2500,1024,,BB84092.25
303,FB84107500EX,Kidz Pre Step Tpst 75ml- Original Fruity,72,BB841,t,t, Pvt Label ,Toothpaste ,0.1380,92.2500,1024,,BB84192.25
304,FB84207500EX,Kidz Pre Step Tpst 75ml- Water Melon,72,BB842,t,t, Pvt Label ,Toothpaste ,0.1380,92.2500,1024,,BB84292.25
305,FB45505000EX,Kplus Dentoral Denture Adhesive 50g,72,BB455,t,t, Pvt Label ,HRC tube,0.0790,50.0000,1025,,BB45550
306,FB48005000EX,Kruidvat Ultra Denture Adhesive 50ml-Mnt,72,BB480,t,t, Pvt Label ,HRC tube,0.0830,55.0000,1025,,BB48055
307,FB48105000EX,Kruidvat Ultra Denture Adhesive 50ml-Ntr,72,BB481,t,t, Pvt Label ,HRC tube,0.0830,55.0000,1025,,BB48155
308,FB58616000EX,LASCO ADV CAVITY PROTECTION FL TPST 160G,48,BB586,t,t,Pvt Label,Toothpaste ,,160.0000,1024,,BB586160
309,FB58602500EX,LASCO ADV CAVITY PROTECTION FL TPST 25G,144,BB586,t,t,Pvt Label,Toothpaste ,,25.0000,1024,,BB58625
310,FB58609000EX,LASCO ADV CAVITY PROTECTION FL TPST 90G,48,BB586,t,t,Pvt Label,Toothpaste ,,90.0000,1024,,BB58690
311,FB59413000EX,LASCO SENSITIVE ENAMEL CARE FL TPST 130G,24,BB594,t,t,Pvt Label,Toothpaste ,,130.0000,1024,,BB594130
312,FB59402500EX,LASCO SENSITIVE ENAMEL CARE FL TPST 25G,144,BB594,t,t,Pvt Label,Toothpaste ,,25.0000,1024,,BB59425
313,FB58816000EX,LASCO TRIPLE CARE FL TPST 160G,48,BB588,t,t,Pvt Label,Toothpaste Stripe,,160.0000,1024,,BB588160
314,FB58802500EX,LASCO TRIPLE CARE FL TPST 25G,144,BB588,t,t,Pvt Label,Toothpaste Stripe,,25.0000,1024,,BB58825
315,FB58809000EX,LASCO TRIPLE CARE FL TPST 90G,48,BB588,t,t,Pvt Label,Toothpaste Stripe,,90.0000,1024,,BB58890
316,FB59002500EX,LASCO WHITENING FL TP 25G-TARTAR CONTROL,144,BB590,t,t,Pvt Label,Toothpaste ,,25.0000,1024,,BB59025
317,FB59017000EX,LASCO WHITENING FL TP170G-TARTAR CONTROL,48,BB590,t,t,Pvt Label,Toothpaste ,,170.0000,1024,,BB590170
318,FB59216000EX,LASCO WHT BKG SODA & PEROXIDE FL TP 160G,48,BB592,t,t,Pvt Label,Toothpaste ,,160.0000,1024,,BB592160
319,FB59202500EX,LASCO WHT BKG SODA & PEROXIDE FL TP 25G,144,BB592,t,t,Pvt Label,Toothpaste ,0.0370,25.0000,1024,,BB59225
320,FB36807500EX,Levevis Tandpasta (Asthma TPST) 75 ml,72,BB368,t,f, Pvt Label ,Toothpaste ,0.1310,102.0000,1024,,BB368102
321,FB26502000ML,LITNA HERBAL TOOTHPASTE 20 G,432,BB265,t,t, IBD ,Toothpaste ,0.0290,20.0000,1024,,BB26520
322,FB26415001ML,Litna Herbal Toothpaste150G+T.Brush(Mal),72,BB264,t,t, IBD ,Toothpaste ,0.1810,150.0000,1024,,BB264150
323,FB47411301EX,Lucky AC Fld Tpst 113g-4 Oz-Twin Pk,12,BB474,t,t, Pvt Label ,Toothpaste ,0.2870,226.0000,1024,,BB474226
324,FB47418101EX,Lucky AC Fld Tpst 181g-6.4Oz+TBR-New,24,BB474,t,t, Pvt Label ,Toothpaste ,,181.0000,1024,,BB474181
325,FB47318100EX,Lucky Anti Cavity TPST 181g-6.4oz+TBR,24,BB473,t,t, Pvt Label ,Toothpaste ,0.2480,181.0000,1024,,BB473181
326,FB47612200EX,Lucky Sensitive AC Fld Tp-122g-4.3oz-New,24,BB476,t,t,Pvt Label,Toothpaste ,0.1700,122.0000,1024,,BB476122
327,FB47512200EX,Lucky Sup Sft Sensitive TPST 122g-4.3oz,24,BB475,t,t, Pvt Label ,Toothpaste ,0.1670,122.0000,1024,,BB475122
328,FB47118100EX,Lucky Whitening TPST 181g-6.4oz + TBR,24,BB471,t,t, Pvt Label ,Toothpaste ,0.2480,181.0000,1024,,BB471181
329,FB47211301EX,Lucky Wht AC Fld Tpst 113g-4 Oz-Twin Pk,12,BB472,t,t, Pvt Label ,Toothpaste ,0.2870,226.0000,1024,,BB472226
330,FB47218101EX,Lucky Wht AC Fld Tpst 181g-6.4OZ+TBR-New,24,BB472,t,t, Pvt Label ,Toothpaste ,0.2580,181.0000,1024,,BB472181
331,FB29901701EX,Maximum Security Gel Toothpaste 17G,720,BB299,t,f, Pvt Label ,Toothpaste ,0.0200,17.0000,1024,,BB29917
332,FB29904301EX,Maximum Security Gel Toothpaste 43G,144,BB299,t,f, Pvt Label ,Toothpaste ,0.0460,43.0000,1024,,BB29943
333,FB29913001EX,Maximum Security GEL TPST 130 G - 4.6 OZ,60,BB299,t,f, Pvt Label ,Toothpaste ,0.1590,130.0000,1024,,BB299130
334,FB29907801EX,Maximum Security Gel TPST 2.75 OZ 78gm,144,BB299,t,f, Pvt Label ,Toothpaste ,0.0970,78.0000,1024,,BB29978
335,FB29902401EX,Maximum Security GEL TPST 24 G - 0.85 OZ,720,BB299,t,f, Pvt Label ,Toothpaste ,0.0330,24.0000,1024,,BB29924
336,FB29900401EX,Maximum Security GEL TPST 4.25 G-0.15OZ,1000,BB299,t,, Pvt Label ,Toothpaste Pouch ,0.0060,4.2500,1024,,BB2994.25
337,FB89704200EX,MED PRIDE FLUORIDE TPST 1.5 Oz (42.5g),144,BB897A,t,t,Pvt Label,Toothpaste ,,42.5000,1024,,BB897A42.5
338,FB55001700EX,Medichoice Fluoride TPST 17g-0.6 OZ,720,BB280,t,f, Pvt Label ,Toothpaste ,0.0230,17.0000,1024,,BB28017
339,FB55102400EX,Medichoice Premium Fld TPST 24g-0.85 OZ,720,BB551,t,f, Pvt Label ,Toothpaste ,0.0320,24.0000,1024,,BB55124
340,FB90011800EX,MEDPRIDE ORALPLUS MOUTHWASH 4fl Oz-118ml,60,BB900,t,t,Pvt Label,Mouthwash ,,118.0000,1024,,BB900118
341,FB230010,MESWAK 10 G,576,BB230,t,f, Domestic ,Toothpaste ,0.0140,10.0000,1024,,BB23010
342,FB230C1003,MESWAK 100 G+ 25% EXTRA,144,BB230,t,t, Domestic ,Toothpaste ,0.1490,125.0000,1024,,BB230125
343,FB230C1005,Meswak 100gm CSD-Index: 4071 C/s 216,216,BB230,t,t, Domestic ,Toothpaste ,0.1500,100.0000,1024,,BB230100
344,FB230C1004,Meswak 100gm+100gm+Brush Combi-CSD,72,BB230,t,t, Domestic ,Toothpaste ,0.2500,200.0000,1024,,BB230200
345,FB226010,Meswak 10g,576,BB226,t,f, Domestic ,Toothpaste ,0.0140,10.0000,1024,,BB22610
346,FB22820000UC,Meswak Herbal tpst-Dentifrice 200g-US-CA,36,BB228,t,t, IBD ,Toothpaste ,0.2300,200.0000,1024,,BB228200
347,FB230C10,Meswak T Paste-Green 100g,144,BB230,t,t, Domestic ,Toothpaste ,0.1180,100.0000,1024,,BB230100
348,FB23020000UC,Meswak Tooth Paste 200gm (Us/Can),36,BB230,t,t, IBD ,Toothpaste ,0.2300,200.0000,1024,,BB230200
349,FB23010000FR,Meswak Toothpaste 100g (FR),144,BB230,t,t, Pvt Label ,Toothpaste ,0.1210,100.0000,1024,,BB230100
350,FB23010000RU,Meswak Toothpaste 100gm - Russia,72,BB230,t,t, IBD ,Toothpaste ,0.1260,100.0000,1024,,BB230100
351,FB23010000EX,Meswak Toothpaste 100gm (144 C/S Pack),144,BB230,t,t, IBD ,Toothpaste ,0.2100,100.0000,1024,,BB230100
352,FB23010001MN,Meswak Toothpaste 100gm + 50 gm CP- MN,72,BB230,t,t, IBD ,Toothpaste ,0.1810,150.0000,1024,,BB230150
353,FB23001700FR,Meswak Toothpaste 17g (FR),480,BB230,t,f, Pvt Label ,Toothpaste ,0.0230,17.0000,1024,,BB23017
354,FB23020000EX,Meswak Toothpaste 200gm (72 C/S Pack),72,BB230,t,t, IBD ,Toothpaste ,0.2300,200.0000,1024,,BB230200
355,FB230200,Meswak Toothpaste 200gms (36 c/s pack),36,BB230,t,t, IBD ,Toothpaste ,0.2400,200.0000,1024,,BB230200
356,FB230020,Meswak Toothpaste 20gm,576,BB230,t,f, Domestic ,Toothpaste ,0.0220,20.0000,1024,,BB23020
357,FB23003501,Meswak Toothpaste 35gm Without Dangler,216,BB230,t,t, Domestic ,Toothpaste ,0.0500,35.0000,1024,,BB23035
358,FB23005000EX,Meswak Toothpaste 50gms - Export,288,BB230,t,t, IBD ,Toothpaste ,0.0610,50.0000,1024,,BB23050
359,FB23005001MN,Meswak Toothpaste 50gms + 25 gms CP - MN,144,BB230,t,t, IBD ,Toothpaste ,0.0930,75.0000,1024,,BB23075
360,FB27002800EX,MINTBLAST A.CAVITY FLD TPST 1OZ(28G),480,BB270,t,f, Pvt Label ,Toothpaste ,0.0330,28.0000,1024,,BB27028
361,FB38502800EX,Mintblast Whitening Toothpaste 1 oz-28g,480,BB385,t,f, Pvt Label ,Toothpaste ,0.0340,28.0000,1024,,BB38528
362,FB25602000GC,Miswak Herbal Tooth Paste 20gm,432,BB256,t,f, IBD ,Toothpaste ,0.0240,20.0000,1024,,BB25620
363,FB23010000UK,Miswak Toothpaste (UK) 100 ML,72,BB297,t,t, IBD ,Toothpaste ,0.1200,154.0000,1024,,BB297154
364,FB22901700EX,Miswak TPST- Fresh Gel 17gm,432,BB229,t,t, IBD ,Toothpaste ,0.0200,17.0000,1024,,BB22917
365,FB02210000EX,Money Shaver Shaving Cream 100ml,24,BB022A,f,,Pvt Label,HRC tube,,92.5000,1025,,BB022A92.5
366,FB10010001,MULTI PIECE 100G,10,BB102,f,, Domestic ,Odonil ,1.0790,100.0000,1025,,BB102100
367,FB10075P,MULTI PIECE 75G,16,BB102,f,, Domestic ,Odonil ,0.9400,75.0000,1025,,BB10275
368,FB22101500ML,Najwa Herbal T/Paste 15g (Eng+Ara+Mal)-,432,BB221A,t,t, Pvt Label ,Toothpaste ,0.0230,15.0000,1024,,BB221A15
369,FB22112000EX,Najwa Herbal Toothpaste 120 gms New Pack,72,BB221,t,t,Pvt Label,Toothpaste ,,120.0000,1024,,BB221120
370,FB22112001EX,Najwa Herbal TPST 120 Gm + Brush Free,72,BB221,t,t, Pvt Label ,Toothpaste ,0.1490,120.0000,1024,,BB221120
371,FB30007800EX,Nature Mint Flouride TPST 78 G (2.75) OZ,144,BB280,t,f, Pvt Label ,Toothpaste ,0.0920,78.0000,1024,,BB28078
372,FB30013000EX,Nature Mint Fluoride TPST 130G (4.6) OZ,60,BB280,t,t, Pvt Label ,Toothpaste ,0.1580,130.0000,1024,,BB280130
373,FB30018100EX,Nature Mint Fluoride TPST 181G (6.4) OZ,48,BB280,t,t, Pvt Label ,Toothpaste ,0.2130,181.0000,1024,,BB280181
374,FB30002400EX,Nature Mint Fluoride TPST 24G (0.85) OZ,720,BB280,t,f, Pvt Label ,Toothpaste ,0.0290,24.0000,1024,,BB28024
375,FB30004300EX,Nature Mint Fluoride TPST 43G (1.5) OZ,144,BB280,t,f, Pvt Label ,Toothpaste ,0.0530,43.0000,1024,,BB28043
376,FB30001700EX,Nature Mnt Fluoride TPST 17 G (0.6) OZ,720,BB280,t,f, Pvt Label ,Toothpaste ,0.0250,17.0000,1024,,BB28017
377,FB30100800EX,Naturemint Anticavity FLD. TPST 0.28 OZ,1000,BB280,t,, Pvt Label ,Toothpaste Pouch ,0.0110,7.9400,1024,,BB2807.94
378,FB05002500AF,New Adv Odomos M R Cream 25G- African Pk,144,BB051B,t,, IBD ,Odomos ,0.0370,25.0000,1025,,BB051B25
379,FB05005000AF,New Adv Odomos M R Cream 50G- African Pk,96,BB051B,t,t, IBD ,Odomos ,0.0690,50.0000,1025,,BB051B50
380,FC22701700EX,New Dabur Herb'l TPST - Green Gel 17 gm,432,BC227,t,t, IBD ,Toothpaste ,0.0200,17.0000,1024,,BC22717
381,FC22401700EX,New Dabur Herb'l TPST - Whitening 17gm,432,BC224,t,t, IBD ,Toothpaste ,0.0200,17.0000,1024,,BC22417
382,FC22202000EX,New Dabur Herb'l TPST -BASIL 20gm,432,BC222,t,t,IBD,Toothpaste ,,20.0000,1024,,BC22220
383,FC22302000EX,New Dabur Herb'l TPST -Clove 20gm,432,BC223,t,t, IBD ,Toothpaste ,0.0240,20.0000,1024,,BC22320
384,FC22102000EX,New Dabur Herb'l TPST -Neem 20 gm,432,BC221,t,t, IBD ,Toothpaste ,0.0230,20.0000,1024,,BC22120
385,FB040C12,ODOMOS  LOTION  120 ML,48,BB040,t,, Domestic ,Odomos Lotion ,0.1650,120.0000,1025,,BB040120
386,FB05002500EX,Odomos Anti Mosquito Cream 25gms - EXP,288,BB050,t,, IBD ,Odomos ,0.0280,25.0000,1025,,BB05025
387,FB05005000EX,Odomos Anti Mosquito Cream 50g-EXP,288,BB050,t,, IBD ,Odomos ,0.0560,50.0000,1025,,BB05050
388,FB05010A,ODOMOS CREAM 100GM (ARMY),144,BB051A,t,t, Domestic ,Odomos ,0.1270,100.0000,1025,,BB051A100
389,FB050C10,ODOMOS CREAM 100GM (CSD),36,BB051B,t,t, Domestic ,Odomos ,0.1170,100.0000,1025,,BB051B100
390,FB050012,ODOMOS CREAM 12GM ,288,BB051B,t,, Domestic ,Odomos ,0.0200,12.0000,1025,,BB051B12
391,FB051100,Odomos Cream With Vitamin-E 100 gm,36,BB051,t,t, IBD ,Odomos ,0.1280,100.0000,1025,,BB051100
392,FB05110000SL,Odomos Cream With Vitamin-E 100 gm - SL,36,BB051,t,t, IBD ,Odomos ,0.1190,100.0000,1025,,BB051100
393,FB051025,Odomos Cream With Vitamin-E 25 gm,144,BB051,t,t, IBD ,Odomos ,0.0350,25.0000,1025,,BB05125
394,FB05102500SL,Odomos Cream With Vitamin-E 25 gm - SL,144,BB051,t,t, IBD ,Odomos ,0.0360,25.0000,1025,,BB05125
395,FB051050,Odomos Cream With Vitamin-E 50 gm,72,BB051,t,t, IBD ,Odomos ,0.0680,50.0000,1025,,BB05150
396,FB05105000SL,Odomos Cream With Vitamin-E 50 gm - SL,72,BB051,t,t, IBD ,Odomos ,0.0620,50.0000,1025,,BB05150
397,FB04508000AF,Odomos Mosquito Replt Gel 80gm-AF,48,BB045,t,t, IBD ,Odomos ,0.0990,80.0000,1025,,BB04580
398,FB05202500AF,Odomos Naturals Cream 25gm - Africa,144,BB052,t,t, IBD ,Odomos ,0.0360,25.0000,1025,,BB05225
399,FB05205000AF,Odomos Naturals Cream 50gm - Africa,96,BB052,t,t, IBD ,Odomos ,0.0590,50.0000,1025,,BB05250
400,FB04608000AF,Odomos Naturals Gel 80gm - Africa,48,BB046,t,t, IBD ,Odomos ,0.1070,80.0000,1025,,BB04680
401,FB04112000AF,Odomos Naturals Lotion 120ml - Africa,48,BB041,t,, IBD ,Odomos Lotion ,0.1630,116.4000,1025,,BB041116.396
402,FB04106000AF,Odomos Naturals Lotion 60ml - Africa,96,BB041,t,, IBD ,Odomos Lotion ,0.0830,58.1980,1025,,BB04158.198
403,FB100C10,ODONIL 100 GM (CSD),192,BB151M,f,t, Domestic ,Odonil ,0.1080,100.0000,1025,,BB151M100
404,FG152050��,Odonil 50 g for Sanifresh Scheme (CSD),144,BB152,f,, Domestic ,Odonil ,,50.0000,1025,,BB15250
405,FB100C5001,ODONIL 50 GM (CSD),144,BB151M,f,t, Domestic ,Odonil ,0.0650,50.0000,1025,,BB151M50
406,FG15205000SL,Odonil 50gmLAVfreewith Sanifresh500ml-SL,24,BB152,f,, IBD ,Odonil ,0.0530,50.0000,1025,,BB15250
407,FB10105000EX,Odonil Air Freshener 50g Jasmine-EX,144,BB101,f,, IBD ,Odonil ,0.0560,50.0000,1025,,BB10150
408,FB10205000EX,Odonil Air Freshener 50g Lavender-EX,144,BB102,f,, IBD ,Odonil ,0.0560,50.0000,1025,,BB10250
409,FB10405000EX,Odonil Air Freshener 50g Rose-EX,144,BB104,f,, IBD ,Odonil ,0.0560,50.0000,1025,,BB10450
410,FB10505000EX,Odonil Air Freshener 50g Sandalwood-EX,144,BB105,f,, IBD ,Odonil ,0.0560,50.0000,1025,,BB10550
411,FB10450D00SL,Odonil Air Freshner 50G Rose -Dis. Pk SL,144,BB104,f,, IBD ,Odonil ,0.0620,50.0000,1025,,BB10450
412,FB10150D00SL,Odonil AirFreshner 50G Jasmine Dis.Pk SL,144,BB101,f,, IBD ,Odonil ,0.0620,50.0000,1025,,BB10150
413,FB10250D00SL,Odonil AirFreshner 50G Lavnder Dis.Pk SL,144,BB102,f,, IBD ,Odonil ,0.0620,50.0000,1025,,BB10250
414,FB10550D00SL,Odonil AirFreshner 50g S/Wood -Dis Pk SL,144,BB105,f,, IBD ,Odonil ,0.0620,50.0000,1025,,BB10550
415,FB15305000SL,Odonil AirFreshner Block 50g Jasmine-SL,144,BB153,f,t, IBD ,Odonil ,0.0620,50.0000,1025,,BB15350
416,FB15205000SL,Odonil AirFreshner Block 50g Lavinder-SL,144,BB152,f,t, IBD ,Odonil ,0.0620,50.0000,1025,,BB15250
417,FB15405000SL,Odonil AirFreshner Block 50g Orchid-SL,144,BB154,f,t, IBD ,Odonil ,0.0620,50.0000,1025,,BB15450
418,FB15505000SL,Odonil AirFreshner Block 50g Rose - SL,144,BB155,f,t, IBD ,Odonil ,0.0620,50.0000,1025,,BB15550
419,FB150C10,Odonil Block 100g Mix CSD Indx:27162 New,72,BB151M,f,t, Domestic ,Odonil ,0.1170,100.0000,1025,,BB151M100
420,FB150050,Odonil Blocks 50gm Mix,144,BB152,f,t, Domestic ,Odonil ,0.0600,50.0000,1025,,BB15250
421,FB15005013,Odonil Blocks 50gm Mix CP3+1 Offer G,192,BB152A,f,t,Domestic,Odonil ,,50.0000,1025,,BB152A50
422,FB15005000BD,Odonil Blocks 50gm Mix- Bangladesh,144,BB152,f,t, IBD ,Odonil ,0.0560,50.0000,1025,,BB15250
423,FB15005005,Odonil Blocks 50gm Mix(3+1 Offer(Promo)),192,BB152A,f,t,Domestic,Odonil ,,50.0000,1025,,BB152A50
424,FB150075,Odonil Blocks 75gm Mix,96,BB154,f,t, Domestic ,Odonil ,0.0900,75.0000,1025,,BB15475
425,FB15007500BD,Odonil Blocks 75gm Mix- Bangladesh,96,BB152,f,t, IBD ,Odonil ,0.0900,75.0000,1025,,BB15275
426,FB59811700EX,Oxolis Fluoride Toothpaste 75ml (117g),60,BB598,t,f,Pvt Label,Toothpaste ,,117.0000,1024,,BB598117
427,FM038027,Oxylife Natural Radiance5 Cr Bleach 27g,72,BM038,f,t, Domestic ,Bleach ,0.0800,27.0000,1025,,BM03827
428,FM038009,Oxylife Natural Radiance5 Cr Bleach 9g,144,BM038,f,, Domestic ,Bleach ,0.0330,9.0000,1025,,BM0389
429,FI012014GC,Pdr Activator-14g-FFCB A&P New-100g-GC,48,BI012,f,, IBD ,Activator ,,100.0000,1025,,BI012100
430,FI046001,Pdr Activator-1g-Naturals Saffron-FB-8g,144,BI046,f,, Domestic ,Activator ,,8.0000,1025,,BI0468
431,FI046003,Pdr Activator-3g-Naturals Saffron-FB-24g,1,BI046,f,, Domestic ,Activator ,,3.0000,1025,,BI0463
432,FI036003GC,Pdr Activator-3g-Oxy Bleach New-25g GC,72,BI036B,f,, IBD ,Activator ,,25.0000,1025,,BI036B25
433,FI011003GC,Pdr Activator-A&P-3g FFCB A & P-25g GC,96,BI012,f,, IBD ,Activator ,,25.0000,1025,,BI01225
434,FI049005GC,pH Balanacing Skin Care Lotion - 5g - GC,1,BI049A,f,, IBD ,Bleach Pouch ,,5.0000,1025,,BI049A5
435,FI053005TU,pH Balancing Skincare Lotion5g�Turkey Ex - 120g,1,BI049A,f,, IBD ,Bleach Pouch ,,120.0000,1025,,BI049A120
436,FI051005,pH Restoring Lotion - 5g- FHRC 40g,1,BI051,f,, Domestic ,Bleach Pouch ,,40.0000,1025,,BI05140
437,FI03800101,Post Bleech Serum-1g-OxyLife NR 5CR-9g,72,BI038B,f,, Domestic ,Bleach Pouch ,,27.0000,1025,,BI038B27
438,FI022014GC,Powder Activator-14g-FCCB MPB New-100g,48,BI022,f,, IBD ,Activator ,,100.0000,1025,,BI022100
439,FI012048,Powder activator-4.8g-FCB A&P New-52.8g,144,BI012,f,, Domestic ,Activator ,,5.0000,1025,,BI0125
440,FI022070GC,Powder Activator-7g-FCCB MPB New-50g,72,BI022,f,, IBD ,Activator ,,50.0000,1025,,BI02250
441,FI012070GC,Powder Activator-7g-FFCB A&P New-50g-GC,72,BI012,f,, IBD ,Activator ,,50.0000,1025,,BI01250
442,FI03600101GC,Pre Bleech Cream-1.5g-OxyCreamNew-25gGC,72,BI036A,f,, IBD ,Bleach Pouch ,,25.0000,1025,,BI036A25
443,FB36009100EX,Pre Step Children's TPST 91G-75ML 3.05OZ,72,BB360,t,t, Pvt Label ,Toothpaste ,0.1290,91.0000,1024,,BB36091
444,FB210010,PROMISE 10GM ,576,BB210,t,f, Domestic ,Toothpaste ,0.0150,10.0000,1024,,BB21010
445,FB24312500UR,PROMISE CA.PROTECT.TPST(UKR)-125+20G,72,BB243,t,t, IBD ,Toothpaste ,0.1720,145.0000,1024,,BB243145
446,FB24310003EX,Promise Cavity Protect. TPST 100g+ Brush,72,BB243,t,t, IBD ,Toothpaste ,0.1500,100.0000,1024,,BB243100
447,FB24510000EX,PROMISE CAVITY PROTECTION TPst -100g,72,BB243,t,t, IBD ,Toothpaste ,0.1200,100.0000,1024,,BB243100
448,FB24312000EX,Promise cavity protection Tpst 125+20g,72,BB243,t,t, IBD ,Toothpaste ,0.1900,145.0000,1024,,BB243145
449,FB24305000UR,Promise Cavity Protection TPST(UKR)-50gm,144,BB243,t,t, IBD ,Toothpaste ,0.0660,50.0000,1024,,BB24350
450,FB24312502UR,Promise cavity protectionTpst125+20g-UA,72,BB243,t,t, IBD ,Toothpaste ,0.1980,145.0000,1024,,BB243145
451,FB34705000CZ,Promise Children TP- Strawberry 50 ML-CZ,72,BB347,t,f, Pvt Label ,Toothpaste ,0.0880,66.5000,1024,,BB34766.5
452,FB246100F0FJ,Promise Flu TPST - Whitening 100gm- Fiji,120,BB246A,t,t, IBD ,Toothpaste ,0.1220,100.0000,1024,,BB246A100
453,FB34310000FJ,Promise Flu TPST Icy Mint Gel 100gm - FJ,120,BB343,t,t, IBD ,Toothpaste ,0.1220,100.0000,1024,,BB343100
454,FB34302000FJ,Promise Flu TPST Icy Mint Gel 20gm - FJ,432,BB343,t,f, IBD ,Toothpaste ,0.0220,20.0000,1024,,BB34320
455,FB34210000FJ,Promise Flu TPST Spicy MintGel 100gm- FJ,120,BB342,t,t, IBD ,Toothpaste ,0.1220,100.0000,1024,,BB342100
456,FB34810000EX,Promise Fluoride TPST-Mint 100g-Toyop,120,BB348,t,t, Pvt Label ,Toothpaste ,0.1170,100.0000,1024,,BB348100
457,FB34010000FJ,Promise Herbal Flu TPST 100 gm- FJ,120,BB340,t,t, IBD ,Toothpaste ,0.1220,100.0000,1024,,BB340100
458,FB34002000FJ,Promise Herbal Flu TPST 20gm-FJ,432,BB340,t,f, IBD ,Toothpaste ,0.0220,20.0000,1024,,BB34020
459,FB21705000EX,Promise Mouthwash 50 ML,144,BB217,t,, Pvt Label ,Mouthwash ,0.0700,52.5000,1024,,BB21752.5
460,FB21750000EX,Promise Mouthwash 500 ML,24,BB217,t,, Pvt Label ,Mouthwash ,0.6020,525.0000,1024,,BB217525
461,FB261100I0CZ,PROMISE PST (FL&MINT)GOLD (CZ) 100GM,120,BB243,t,t, Pvt Label ,Toothpaste ,0.1000,100.0000,1024,,BB243100
462,FB248100H0EX,PROMISE TOOTHPASTE  (HERBAL) 100 G,72,BB248,t,t, IBD ,Toothpaste ,0.1200,100.0000,1024,,BB248100
463,FB247100B0EX,PROMISE TOOTHPASTE (B.SODA ) 100G -,72,BB247,t,t, IBD ,Toothpaste ,0.1200,100.0000,1024,,BB247100
464,FB24710000UR,Promise Toothpaste (B.Soda)100gm-Ukraine,72,BB247,t,t, IBD ,Toothpaste ,0.1200,100.0000,1024,,BB247100
465,FB24910000CA,PROMISE TOOTHPASTE (TAR. CONT) 100,72,BB249,t,t, IBD ,Toothpaste ,0.1200,100.0000,1024,,BB249100
466,FB246100W0EX,PROMISE TOOTHPASTE (WHITNG) 100 G -,72,BB246,t,t, IBD ,Toothpaste ,0.1200,100.0000,1024,,BB246100
467,FB21001001,PROMISE TOOTHPASTE 10 G (AIR INDIA),576,BB210,t,f, Domestic ,Toothpaste ,0.0170,10.0000,1024,,BB21010
468,FB160150GCZ,Promise Toothpaste 150gms G GOLD (CZ),72,BB160,t,t, Pvt Label ,Toothpaste ,0.1820,150.0000,1024,,BB160150
469,FB34502000CZ,Promise Toothpaste 20g Gold -CZ,432,BB160,t,t, Pvt Label ,Toothpaste ,0.0290,20.0000,1024,,BB16020
470,FB24610000UR,Promise Toothpaste(Whiting)100gm-Ukraine,72,BB246,t,t, IBD ,Toothpaste ,0.1200,100.0000,1024,,BB246100
471,FB34607500CZ,Promise TP-Junior- Tutti Frutti 75 ML-CZ,72,BB346,t,f, Pvt Label ,Toothpaste ,0.1300,99.7500,1024,,BB34699.75
472,FB25010000EX,PROMISE TPASTE  (for SMOKERS)  100,72,BB250,t,t, IBD ,Toothpaste ,0.1200,100.0000,1024,,BB250100
473,FB26820001EX,Promise TPST with Clove (Arabic)200g+TBR,72,BB268,t,t, IBD ,Toothpaste ,0.2640,200.0000,1024,,BB268200
474,FB251100C0UK,Promise TPST with Clove 100ml (UK),72,BB298,t,t, IBD ,Toothpaste ,0.0980,158.0000,1024,,BB298158
475,FB34110000FJ,PromiseFluTPSTWithClove&Enzyme-100gm- FJ,120,BB341,t,t, IBD ,Toothpaste ,0.1220,100.0000,1024,,BB341100
476,FB24910000UR,PromiseToothpaste(Tar.Cont)100gm-Ukraine,72,BB249,t,t, IBD ,Toothpaste ,0.1200,100.0000,1024,,BB249100
477,FB26802400EX,QUANTUM FRESH FLD TPST 0.85OZ(24G),288,BB295,t,f, Pvt Label ,Toothpaste ,0.0300,24.0000,1024,,BB29524
478,FB263100H0EX,REBI DENTAL HERBAL TOOTHPASTE 100 G,72,BB263,t,t, Pvt Label ,Toothpaste ,0.1290,100.0000,1024,,BB263100
479,FB262100W0EX,REBI DENTAL WHITENING TOOTHPASTE 100 G,72,BB262,t,t, Pvt Label ,Toothpaste ,0.1290,100.0000,1024,,BB262100
480,FB40112000EX,Rebi-Dental ALOE Toothpaste 120G,72,BB401,t,t, Pvt Label ,Toothpaste ,0.1530,120.0000,1024,,BB401120
481,FB50512500EX,Rema 1000 Tandpasta TPST Coolmint- 125ML,72,BB505,t,f, Pvt Label ,Toothpaste Stripe,0.1830,152.5000,1024,,BB505152.5
482,FC250C1001,RTP 100g CSD,144,BC250,t,t, Domestic ,Toothpaste RTP,0.1240,100.0000,1024,,BC250100
483,FC250C2002,RTP 200g CSD,72,BC250,t,t, Domestic ,Toothpaste RTP,0.2500,200.0000,1024,,BC250200
484,FC250C5001,RTP 50g CSD,216,BC250,t,t, Domestic ,Toothpaste RTP,0.0650,50.0000,1024,,BC25050
485,FC250C5002,RTP 50g CSD  - 432 c/s,432,BC250,t,t, Domestic ,Toothpaste RTP,0.0750,50.0000,1024,,BC25050
486,FC250C3001,RTP Family pack CSD,36,BC250,t,t, Domestic ,Toothpaste RTP,0.3150,300.0000,1024,,BC250300
487,FB13850000SL,Sanifres U.Shin Liq toiletclean 500ml-SL,24,BB138,f,, IBD ,Sanifresh ,0.6170,530.0000,1025,,BB138530
488,FB130C5001,Sanifresh 500ml + Odonil 50g   (CSD),24,BB130,f,, Domestic ,Sanifresh ,0.6950,500.0000,1025,,BB130500
489,FB130C5F,Sanifresh 500ml Forest Dew (CSD),24,BB131,f,, Domestic ,Sanifresh ,0.5840,500.0000,1025,,BB131500
490,FB13850001SL,Sanifresh 500ml with Odonil 50gm (CP)-SL,24,BB138,f,, IBD ,Sanifresh ,0.6500,530.0000,1025,,BB138530
491,FB138C5001,Sanifresh N Toilet Cleaner500ml CSD27094,24,BB138,f,,Domestic,Sanifresh ,,520.0000,1025,,BB138520
492,FB130C50,Sanifresh ToiletClnr 500ml CSD Ind:27094,24,BB130,f,, Domestic ,Sanifresh ,0.6170,530.0000,1025,,BB130530
493,FB138C50,Sanifresh Ultrashine 500ml Index 27094,24,BB138,f,, Domestic ,Sanifresh ,0.6280,530.0000,1025,,BB138530
494,FB13050000EX,SANIFRESHLIQUIDTOILET CLEANER(AUS) 500ML,24,BB130,f,, IBD ,Sanifresh ,0.6170,510.0000,1025,,BB130510
495,FB53507500EX,SESAMESTREET KIDS TOOTHPASTE 75 ML,100,BB535,t,t, Pvt Label ,Toothpaste ,0.1250,99.0000,1024,,BB53599
496,FB84711900EX,Shopkins BubbleGum Gel TPST-4.2 OZ(119g),24,BB847,t,f, Pvt Label ,Toothpaste ,0.1620,119.0000,1024,,BB847119
497,FB28004200EXSF,Sparklefresh Fluoride Tpst 1.5oz (42.5g),144,BB280A,t,,Pvt Label,Toothpaste ,0.0500,43.0000,1024,,BB280A43
498,FB28001700EXSF,Sparklefresh Fluoride Tpst. 0.6oz(17gms),720,BB280A,t,,Pvt Label,Toothpaste ,0.0230,17.0000,1024,,BB280A17
499,FB28002400EXSF,Sparklefresh Fluoride Tpst. 0.85oz (24g),720,BB280A,t,,Pvt Label,Toothpaste ,0.0300,24.0000,1024,,BB280A24
500,FB28007800EXSF,Sparklefresh Fluoride Tpst. 2.75oz (78g),144,BB280A,t,,Pvt Label,Toothpaste ,0.0890,78.0000,1024,,BB280A78
501,FB84811900EX,THOMAS & FRIENDS BBL GUM 4.2Oz(119g) TP,24,BB848A,t,t,Pvt Label,Toothpaste ,,119.0000,1024,,BB848A119
502,FB48705000EX,Trekpleister Denture Adhesive 50ml-Mint,72,BB487,t,t, Pvt Label ,HRC tube,0.0830,55.0000,1025,,BB48755
503,FB48605000EX,Trekpleister Denture Adhesive 50ml-Ntrl,72,BB486,t,t, Pvt Label ,HRC tube,0.0830,55.0000,1025,,BB48655
504,FB292115COEX,TRICARE TOOTHPASTE 75ML(115G)(WITH CARTO,100,BB280,t,t, Pvt Label ,Toothpaste ,0.1430,115.0000,1024,,BB280115
505,FB60118101EX,UNIVERSAL ADV WHT FL TP 6.4 Oz(181G)+TBR,24,BB601,t,t,Pvt Label,Toothpaste ,,181.0000,1024,,BB601181
506,FB60218101EX,UNIVERSAL ANTI-CAVITY TP 6.4Oz(181G)+TBR,24,BB602,t,t,Pvt Label,Toothpaste ,,181.0000,1024,,BB602181
507,FB60312200EX,UNIVERSAL SENSITIVE FL TP 4.3Oz(122G),24,BB603,t,t,Pvt Label,Toothpaste ,,122.0000,1024,,BB603122
