code,desc,case_size,bulk_code,micro ,carton,category,line,gr_wt,nt_wt,plant,line_bulk,des_code
FB05002500AF,New Adv Odomos M R Cream 25G- African Pk,144,BB051B,1,1,IBD,Odomos line,0.037,25,1025,odomos,BB051B25
FB05005000AF,New Adv Odomos M R Cream 50G- African Pk,96,BB051B,1,1,IBD,Odomos line,0.069,50,1025,,BB051B50
FB22112001EX,Najwa Herbal TPST 120 Gm + Brush Free,72,BB221,1,1,Pvt Label,Toothpaste Line,0.149,120,1024,,BB221120
FB26502000ML,LITNA HERBAL TOOTHPASTE 20 G,432,BB265,1,1,IBD,Toothpaste Line,0.029,20,1024,,BB26520
FM04912000GC,Fem USA HRC -AloeVera 120g+ Bal Lot- New,48,BM049,0,1,IBD,HRC tube,0.182,120,1025,,BM049120
FM05312000GC,Fem USA HRC- Sandal 120gm + Bal Lot -New,48,BM053,0,1,IBD,HRC tube,0.182,120,1025,,BM053120
FM05912000GC,Fem USA HRC- Rose 120gm +Bal Lot- New,48,BM059,0,1,IBD,HRC tube,0.182,120,1025,,BM059120
FM06312000GC,Fem USA HRC-Lemon 120gm+ Bal Lot - New,48,BM063,0,1,IBD,HRC tube,0.182,120,1025,,BM063120
FM06412000GC,Fem USA HRC- Blossom 120gm +Bal Lot -New,48,BM064,0,1,IBD,HRC tube,0.182,120,1025,,BM064120
FB55102400EX,Medichoice Premium Fld TPST 24g-0.85 OZ,720,BB551,1,0,Pvt Label,Toothpaste Line,0.032,24,1024,,BB55124
FC250200,Dabur Red Paste 200gm,36,BC250,1,1,IBD,Toothpaste Line,0.241,200,1024,,BC250200
FC250100,Dabur Red Paste 100gm,72,BC250,1,1,IBD,Toothpaste Line,0.125,100,1024,,BC250100
FB23005000EX,Meswak Toothpaste 50gms - Export,288,BB230,1,1,IBD,Toothpaste Line,0.061,50,1024,,BB23050
FB23020000EX,Meswak Toothpaste 200gm (72 C/S Pack),72,BB230,1,1,IBD,Toothpaste Line,0.23,200,1024,,BB230200
FB050100A0EX,Adv. Odomos Mosquito Replt Cream 100gm,36,BB051B,1,1,IBD,Odomos line,0.124,100,1025,,BB051B100
FB050050A0EX,Adv. Odomos Mosquito Replt Cream 50gm,72,BB051B,1,1,IBD,Odomos line,0.065,50,1025,,BB051B50
FB050025A0EX,Adv. Odomos Mosquito Replt Cream 25gm,144,BB051B,1,1,IBD,Odomos line,0.036,25,1025,,BB051B25
FB04012000EX,Adv. Odomos Mosquito Replt. Lotion 120ml,48,BB040,1,1,IBD,Odomos Lotion line,0.199,120,1025,,BB040120
FB10505000EX,Odonil Air Freshener 50g Sandalwood-EX,144,BB105,0,1,IBD,Odonil line,0.056,50,1025,,BB10550
FB10105000EX,Odonil Air Freshener 50g Jasmine-EX,144,BB101,0,1,IBD,Odonil line,0.056,50,1025,,BB10150
FB10205000EX,Odonil Air Freshener 50g Lavender-EX,144,BB102,0,1,IBD,Odonil line,0.056,50,1025,,BB10250
FB10405000EX,Odonil Air Freshener 50g Rose-EX,144,BB104,0,1,IBD,Odonil line,0.056,50,1025,,BB10450
FB259117M0EX,AUROMERE MINTFREE  TOOTHPASTE 117 G,144,BB259,1,1,Pvt Label,Toothpaste Line,0.156,117,1024,,BB259117
FB258117H0EX,AUROMERE HERBAL TP. (O.LICORICE) 117 G,144,BB258,1,1,Pvt Label,Toothpaste Line,0.156,117,1024,,BB258117
FB257117F0EX,AUROMERE FRESHMINT TOOTHPASTE 117 G,144,BB257,1,1,Pvt Label,Toothpaste Line,0.156,117,1024,,BB257117
FB33150L00EX,Auromere Herbal Mouthwash 50 Ltr.,1,BB331,1,0,Pvt Label,Mouthwash line,53,50000,1024,,BB33150000
FC25020000UC,Dabur Red Paste 200gm (US/CAN),36,BC250,1,1,IBD,Toothpaste Line,0.26,200,1024,,BC250200
FC22110000UC,Dabur Herbal ToothPaste Neem100ml-US/Can,36,BC221B,1,1,IBD,Toothpaste Line,0.177,154,1024,,BC221B154
FC22310000UC,Dabur Herbal ToothPasteClove100ml-US/Can,36,BC223B,1,1,IBD,Toothpaste Line,0.177,154,1024,,BC223B154
FB23020000UC,Meswak Tooth Paste 200gm (Us/Can),36,BB230,1,1,IBD,Toothpaste Line,0.23,200,1024,,BB230200
FB28007800EX,Freshmint Fluoride TPST 78g (2.75) OZ,144,BB280,1,0,Pvt Label,Toothpaste Line,0.091,78,1024,,BB28078
FB280078C0EX,Freshmint Fluoride TPST 78g 2.75 OZ CRTN,144,BB280,1,1,Pvt Label,Toothpaste Line,0.097,78,1024,,BB28078
FB29904300EX,Freshmint Fluoride Gel TPST 43 G (1.5) O,144,BB299,1,0,Pvt Label,Toothpaste Line,0.057,43,1024,,BB29943
FB29907800EX,Freshmint Fluoride Gel TPST 78G- 2.75 OZ,144,BB299,1,0,Pvt Label,Toothpaste Line,0.095,78,1024,,BB29978
FB29902400EX,Freshmint Fluoride Gel TPST 24G- 0.85 OZ,720,BB299,1,0,Pvt Label,Toothpaste Line,0.031,24,1024,,BB29924
FB32702400EX,Cinnafresh Anticavity Gel Toothpaste 24G,144,BB327,1,0,Pvt Label,Toothpaste Line,0.032,24,1024,,BB32724
FB30100800EX,Naturemint Anticavity FLD. TPST 0.28 OZ,1000,BB280,1,0,Pvt Label,Toothpaste Pouch line,0.011,7.94,1024,,BB2807.94
FB33611700EX,Auromere TPST- Foamfree 4.16 oz-117g New,144,BB336,1,1,Pvt Label,Toothpaste Line,0.157,117,1024,,BB336117
FB33711700EX,Auromere TPST- Licorice 4.16 oz-117g New,144,BB337,1,1,Pvt Label,Toothpaste Line,0.157,117,1024,,BB337117
FB33911700EX,Auromere TPST-Freshmint 4.16 oz-117g New,144,BB339,1,1,Pvt Label,Toothpaste Line,0.157,117,1024,,BB339117
FB33811700EX,Auromere TPST- Mintfree 4.16 oz-117g New,144,BB338,1,1,Pvt Label,Toothpaste Line,0.157,117,1024,,BB338117
FB33604000EX,Auromere TPST- Foamfree 40 kg - New,1,BB336,1,0,Pvt Label,Toothpaste Line,42.2,40000,1024,,BB33640000
FB28311300EX,COOL WAVE FM GL FLRD TPST 4 OZ 113 G,48,BB283,1,0,Pvt Label,Toothpaste Line,0.143,113,1024,,BB283113
FB160150GCZ,Promise Toothpaste 150gms G GOLD (CZ),72,BB160,1,1,Pvt Label,Toothpaste Line,0.182,150,1024,,BB160150
FB262100W0EX,REBI DENTAL WHITENING TOOTHPASTE 100 G,72,BB262,1,1,Pvt Label,Toothpaste Line,0.129,100,1024,,BB262100
FB34607500CZ,Promise TP-Junior- Tutti Frutti 75 ML-CZ,72,BB346,1,0,Pvt Label,Toothpaste Line,0.13,99.75,1024,,BB34699.75
FB34705000CZ,Promise Children TP- Strawberry 50 ML-CZ,72,BB347,1,0,Pvt Label,Toothpaste Line,0.088,66.5,1024,,BB34766.5
FB28001701EX,Freshmint Fluoride TPST 17G (0.6OZ)-TP6A,720,BB280,1,0,Pvt Label,Toothpaste Line,0.023,17,1024,,BB28017
FB29913000EX,Freshmint Fluoride Gel TPST 130G(4.6OZ),60,BB299,1,0,Pvt Label,Toothpaste Line,0.159,130,1024,,BB299130
FB30001700EX,Nature Mnt Fluoride TPST 17 G (0.6) OZ,720,BB280,1,0,Pvt Label,Toothpaste Line,0.025,17,1024,,BB28017
FB30002400EX,Nature Mint Fluoride TPST 24G (0.85) OZ,720,BB280,1,0,Pvt Label,Toothpaste Line,0.029,24,1024,,BB28024
FB29904301EX,Maximum Security Gel Toothpaste 43G,144,BB299,1,0,Pvt Label,Toothpaste Line,0.046,43,1024,,BB29943
FB29902401EX,Maximum Security GEL TPST 24 G - 0.85 OZ,720,BB299,1,0,Pvt Label,Toothpaste Line,0.033,24,1024,,BB29924
FB30007800EX,Nature Mint Flouride TPST 78 G (2.75) OZ,144,BB280,1,0,Pvt Label,Toothpaste Line,0.092,78,1024,,BB28078
FB30518100EX,Iodent Fluoride TPST-Mint 181g-6.4oz+TBR,48,BB305,1,1,Pvt Label,Toothpaste Line,0.246,181,1024,,BB305181
FB29901701EX,Maximum Security Gel Toothpaste 17G,720,BB299,1,0,Pvt Label,Toothpaste Line,0.02,17,1024,,BB29917
FB29900401EX,Maximum Security GEL TPST 4.25 G-0.15OZ,1000,BB299,1,0,Pvt Label,Toothpaste Pouch line,0.006,4.25,1024,,BB2994.25
FB30212200EX,Freshmint Sensitive TPST122G-4.3oz-TPS43,24,BB302,1,1,Pvt Label,Toothpaste Line,0.155,122,1024,,BB302122
FB28018100EX,Freshmint Fluoride TPST 181g (6.4) OZ,48,BB280,1,1,Pvt Label,Toothpaste Line,0.213,181,1024,,BB280181
FB30018100EX,Nature Mint Fluoride TPST 181G (6.4) OZ,48,BB280,1,1,Pvt Label,Toothpaste Line,0.213,181,1024,,BB280181
FB30805600EX,Freshmint Denture Adhesive 56.7G-20Z-DA2,72,BB308,1,1,Pvt Label,HRC tube,0.088,56.7,1025,,BB30856.7
FB42112500EX,Best at care TP 125 ML-coolmint (72pc),72,BB421,1,0,Pvt Label,Toothpaste Line,0.184,152.5,1024,,BB421152.5
FB28013000EX,Freshmint Fluoride TPST 130g (4.6) OZ,60,BB280,1,1,Pvt Label,Toothpaste Line,0.158,130,1024,,BB280130
FB28002400EX,Freshmint Fluoride TPST 24g(0.85) OZ,720,BB280,1,0,Pvt Label,Toothpaste Line,0.029,24,1024,,BB28024
FB29901700EX,Freshmint Fluoride Gel TPST 17G (0.6OZ),720,BB299,1,0,Pvt Label,Toothpaste Line,0.023,17,1024,,BB29917
FB28001700EX,Freshmint Fluoride TPST 17g (0.6) OZ,720,BB280,1,0,Pvt Label,Toothpaste Line,0.022,17,1024,,BB28017
FB24312000EX,Promise cavity protection Tpst 125+20g,72,BB243,1,1,IBD,Toothpaste Line,0.19,145,1024,,BB243145
FC25005000UR,Dabur Red Paste 50 Gm (Ukrain),144,BC250,1,1,IBD,Toothpaste Line,0.06,50,1024,,BC25050
FC25010000UR,Dabur Red Paste 100 Gm (Ukrain),72,BC250,1,1,IBD,Toothpaste Line,0.122,100,1024,,BC250100
FC25020000UR,Dabur Red Paste 200 gm (Ukrain),36,BC250,1,1,IBD,Toothpaste Line,0.239,200,1024,,BC250200
FB27002800EX,MINTBLAST A.CAVITY FLD TPST 1OZ(28G),480,BB270,1,0,Pvt Label,Toothpaste Line,0.033,28,1024,,BB27028
FC25010000RU,Dabur Red Paste 100 gm - Russian Pack,72,BC250,1,1,IBD,Toothpaste Line,0.125,100,1024,,BC250100
FB83507500EX,Forhans Smalto Toothpaste 75 ML,72,BB835,1,1,Pvt Label,Toothpaste Line,0.146,100,1024,,BB835100
FB10250D00SL,Odonil AirFreshner 50G Lavnder Dis.Pk SL,144,BB102,0,1,IBD,Odonil line,0.062,50,1025,,BB10250
FB10150D00SL,Odonil AirFreshner 50G Jasmine Dis.Pk SL,144,BB101,0,1,IBD,Odonil line,0.062,50,1025,,BB10150
FB10450D00SL,Odonil Air Freshner 50G Rose -Dis. Pk SL,144,BB104,0,1,IBD,Odonil line,0.062,50,1025,,BB10450
FB10550D00SL,Odonil AirFreshner 50g S/Wood -Dis Pk SL,144,BB105,0,1,IBD,Odonil line,0.062,50,1025,,BB10550
FB30013000EX,Nature Mint Fluoride TPST 130G (4.6) OZ,60,BB280,1,1,Pvt Label,Toothpaste Line,0.158,130,1024,,BB280130
FB274050T02EX,EUCRYL TPDR 50G(FRESHMINT FLAV)(12 PK),192,BB278,1,1,Pvt Label,Toothpowder line,0.076,50,1024,,BB27850
FB274062EX,EUCRYL TPST- F.MINT FLA-50ML(62G),144,BB274,1,1,Pvt Label,Toothpaste Line,0.083,62,1024,,BB27462
FB24310003EX,Promise Cavity Protect. TPST 100g+ Brush,72,BB243,1,1,IBD,Toothpaste Line,0.15,100,1024,,BB243100
FB55001700EX,Medichoice Fluoride TPST 17g-0.6 OZ,720,BB280,1,0,Pvt Label,Toothpaste Line,0.023,17,1024,,BB28017
FB28004300EX,Freshmint Fluoride TPST 43g (1.5) OZ,144,BB280,1,0,Pvt Label,Toothpaste Line,0.053,43,1024,,BB28043
FB34810000EX,Promise Fluoride TPST-Mint 100g-Toyop,120,BB348,1,1,Pvt Label,Toothpaste Line,0.117,100,1024,,BB348100
FB38502800EX,Mintblast Whitening Toothpaste 1 oz-28g,480,BB385,1,0,Pvt Label,Toothpaste Line,0.034,28,1024,,BB38528
FB45505000EX,Kplus Dentoral Denture Adhesive 50g,72,BB455,1,1,Pvt Label,HRC tube,0.079,50,1025,,BB45550
FC25020000GC,Dabur Red Paste 200gm - GC,36,BC250,1,1,IBD,Toothpaste Line,0.241,200,1024,,BC250200
FB263100H0EX,REBI DENTAL HERBAL TOOTHPASTE 100 G,72,BB263,1,1,Pvt Label,Toothpaste Line,0.129,100,1024,,BB263100
FB30802400EX,FRESHMINT DENTURE ADHESIVE 24G-0.85 OZ,144,BB308,1,1,Pvt Label,HRC tube,0.054,24,1025,,BB30824
FB30806800EX,Freshmint Denture Adhesive 68G-2.4 OZ,72,BB308,1,1,Pvt Label,HRC tube,0.102,68,1025,,BB30868
FB30418100EX,Fluoride Cavity Fighting TPST 181G + TBR,48,BB304,1,1,Pvt Label,Toothpaste Line,0.246,181,1024,,BB304181
FB29918100EX,Freshmint Fluoride GEL TPST 181G - 6.4OZ,48,BB299,1,0,Pvt Label,Toothpaste Line,0.225,181,1024,,BB299181
FB30004300EX,Nature Mint Fluoride TPST 43G (1.5) OZ,144,BB280,1,0,Pvt Label,Toothpaste Line,0.053,43,1024,,BB28043
FB150050,Odonil Blocks 50gm Mix,144,BB152,0,1,Domestic,Odonil line,0.06,50,1025,,BB15250
FM05912000UC,Fem Hair Remov Cream-Rose 120gm(U/C) New,36,BM059,0,1,IBD,HRC tube,0.182,120,1025,,BM059120
FM05312000UC,Fem Hair Rem Cream-Sandal 120gm(U/C) New,36,BM053,0,1,IBD,HRC tube,0.182,120,1025,,BM053120
FM05904000TU,Fem Hair Removal Crm-Senstv-Rose- 40g-TR,48,BM059,0,1,IBD,HRC tube,0.074,40,1025,,BM05940
FM05912000TU,Fem Hair Removal Crm-Senstv-Rose-120g-TR,48,BM059,0,1,IBD,HRC tube,0.182,120,1025,,BM059120
FM06412000TU,Fem Hair Removal Crm-Normal Skin 120g-TR                   ,48,BM064,0,1,IBD,HRC tube,0.182,120,1025,,BM064120
FB24910000CA,PROMISE TOOTHPASTE (TAR. CONT) 100,72,BB249,1,1,IBD,Toothpaste Line,0.12,100,1024,,BB249100
FB247100B0EX,PROMISE TOOTHPASTE (B.SODA ) 100G -,72,BB247,1,1,IBD,Toothpaste Line,0.12,100,1024,,BB247100
FB24510000EX,PROMISE CAVITY PROTECTION TPst -100g,72,BB243,1,1,IBD,Toothpaste Line,0.12,100,1024,,BB243100
FB39000800EX,Freshmint Anticavity FLD GEL TPST 0.28OZ,1000,BB299,1,0,Pvt Label,Toothpaste Pouch line,0.011,8,1024,,BB2998
FB36009100EX,Pre Step Children's TPST 91G-75ML 3.05OZ,72,BB360,1,1,Pvt Label,Toothpaste Line,0.129,91,1024,,BB36091
FC250100GC,DABUR RED  PASTE 100 GM X 72 PCS,72,BC250,1,1,IBD,Toothpaste Line,8.9,100,1024,,BC250100
FB28407500FN,EMMELLE TOOTHPASTE - 75 ML (98 G) - Fin,96,BB284,1,1,Pvt Label,Toothpaste Line,0.129,98,1024,,BB28498
FB28402000FN,EMMELLE TOOTHPASTE - 20 ML (26 G) - Fin,480,BB284,1,0,Pvt Label,Toothpaste Line,0.032,26,1024,,BB28426
FB38107500EX,Emmelle Hyalluron Pro+ TPST 75ML (98 GM),96,BB381,1,1,Pvt Label,Toothpaste Line,0.129,98,1024,,BB38198
FB38102000EX,Emmelle Hyalluron Pro+ TPST 20ML (26GM),480,BB381,1,0,Pvt Label,Toothpaste Line,0.032,26,1024,,BB38126
FB83007500EX,Denthoral Ultra White Toothpaste 75 ML,80,BB830,1,1,Pvt Label,Toothpaste Line,0.124,91.5,1024,,BB83091.5
FB280043C0EX,Freshmint Fluoride TPST 43g (1.5) OZ-CRT,144,BB280,1,1,Pvt Label,Toothpaste Line,0.056,43,1024,,BB28043
FB31712500EX,Dr. Jones Toothpaste 125 ml,72,BB317,1,0,Pvt Label,Toothpaste Line,0.183,152.5,1024,,BB317152.5
FB246100W0EX,PROMISE TOOTHPASTE (WHITNG) 100 G -,72,BB246,1,1,IBD,Toothpaste Line,0.12,100,1024,,BB246100
FB26415001ML,Litna Herbal Toothpaste150G+T.Brush(Mal),72,BB264,1,1,IBD,Toothpaste Line,0.181,150,1024,,BB264150
FB051025,Odomos Cream With Vitamin-E 25 gm,144,BB051,1,1,IBD,Odomos line,0.035,25,1025,,BB05125
FB051050,Odomos Cream With Vitamin-E 50 gm,72,BB051,1,1,IBD,Odomos line,0.068,50,1025,,BB05150
FB051100,Odomos Cream With Vitamin-E 100 gm,36,BB051,1,1,IBD,Odomos line,0.128,100,1025,,BB051100
FB43208500EX,Freshmint Premium TP 85g-3 OZ-ADA3,72,BB551,1,0,Pvt Label,Toothpaste Line,0.101,85,1024,,BB55185
FB43204300EX,Freshmint Premium TP 43g-1.5 OZ-ADA15,144,BB551,1,0,Pvt Label,Toothpaste Line,0.058,43,1024,,BB55143
FB43202400EX,Freshmint Premium TP 24g-0.85 OZ-ADA85,144,BB551,1,0,Pvt Label,Toothpaste Line,0.031,24,1024,,BB55124
FB29913001EX,Maximum Security GEL TPST 130 G - 4.6 OZ,60,BB299,1,0,Pvt Label,Toothpaste Line,0.159,130,1024,,BB299130
FB251100C0UK,Promise TPST with Clove 100ml (UK),72,BB298,1,1,IBD,Toothpaste Line,0.098,158,1024,,BB298158
FB23010000EX,Meswak Toothpaste 100gm (144 C/S Pack),144,BB230,1,1,IBD,Toothpaste Line,0.21,100,1024,,BB230100
FB273050T02EX,EUCRYL TPDR 50G(ORIGINAL FLAV)(12 PK),192,BB273,1,1,Pvt Label,Toothpowder line,0.076,50,1024,,BB27350
FB23010000FR,Meswak Toothpaste 100g (FR),144,BB230,1,1,Pvt Label,Toothpaste Line,0.121,100,1024,,BB230100
FM01205000GC,Fem USA Bleach Apple & Peach 50gm - New,72,BM012,0,1,IBD,Bleach Line,0.121,50,1025,,BM01250
FM01210000GC,Fem USA Bleach Apple & Peach 100gm - New,48,BM012,0,1,IBD,Bleach Line,0.204,100,1025,,BM012100
FM02205000GC,Fem USA Bleach Milk & Pearl 50g New,72,BM022,0,1,IBD,Bleach Line,0.121,50,1025,,BM02250
FM02210000GC,Fem USA Bleach Milk & Pearl 100gm New,48,BM022,0,1,IBD,Bleach Line,0.204,100,1025,,BM022100
FM03602500GC,Fem USA Oxy Bleach 25gm New,72,BM036,0,1,IBD,Bleach Line,0.083,25,1025,,BM03625
FM47601500GC,Fem USA Herbal Bleach 15gm - New,96,BM476,0,1,IBD,Bleach Line,0.059,15,1025,,BM47615
FM19102500EX,Fem Fair&Radiant Moist F Cream 25gm New,72,BM191,0,1,IBD,Bleach Line,0.043,25,1025,,BM19125
FM19105000EX,Fem Fair&Radiant Moist F Cream 50gm New,48,BM191,0,1,IBD,Bleach Line,0.076,50,1025,,BM19150
FM19110000EX,Fem Fair&Radiant Moist F Cream 100gm New,48,BM191,0,1,IBD,Bleach Line,0.136,100,1025,,BM191100
FC22210000UC,Dabur Herbal ToothPasteBasil100ml-US/Can,36,BC222B,1,1,IBD,Toothpaste Line,0.177,154,1024,,BC222B154
FM05312000TU,Fem Hair Removal Crm- Dry Skin 120g- TR,48,BM053,0,1,IBD,HRC tube,0.182,120,1025,,BM053120
FB43102400EX,Freshmint Fluoride-Free TPST 24G-0.85 OZ,720,BB431,1,0,Pvt Label,Toothpaste Line,0.03,24,1024,,BB43124
FB23010000RU,Meswak Toothpaste 100gm - Russia,72,BB230,1,1,IBD,Toothpaste Line,0.126,100,1024,,BB230100
FB260117NFEX,AUROMERENON FOAMINGTOOTHPASTE 117G(T),72,BB260,1,1,Pvt Label,Toothpaste Line,0.161,117,1024,,BB260117
FB34010000FJ,Promise Herbal Flu TPST 100 gm- FJ,120,BB340,1,1,IBD,Toothpaste Line,0.122,100,1024,,BB340100
FB34110000FJ,PromiseFluTPSTWithClove&Enzyme-100gm- FJ,120,BB341,1,1,IBD,Toothpaste Line,0.122,100,1024,,BB341100
FB34210000FJ,Promise Flu TPST Spicy MintGel 100gm- FJ,120,BB342,1,1,IBD,Toothpaste Line,0.122,100,1024,,BB342100
FB34310000FJ,Promise Flu TPST Icy Mint Gel 100gm - FJ,120,BB343,1,1,IBD,Toothpaste Line,0.122,100,1024,,BB343100
FB246100F0FJ,Promise Flu TPST - Whitening 100gm- Fiji,120,BB246A,1,1,IBD,Toothpaste Line,0.122,100,1024,,BB246A100
FB43213000EX,Freshmint Premium TP 130g-4.6 OZ-ADA 46,24,BB551,1,1,Pvt Label,Toothpaste Line,0.165,130,1024,,BB551130
FB05102500SL,Odomos Cream With Vitamin-E 25 gm - SL,144,BB051,1,1,IBD,Odomos line,0.036,25,1025,,BB05125
FB05105000SL,Odomos Cream With Vitamin-E 50 gm - SL,72,BB051,1,1,IBD,Odomos line,0.062,50,1025,,BB05150
FB05110000SL,Odomos Cream With Vitamin-E 100 gm - SL,36,BB051,1,1,IBD,Odomos line,0.119,100,1025,,BB051100
FB15205000SL,Odonil AirFreshner Block 50g Lavinder-SL,144,BB152,0,1,IBD,Odonil line,0.062,50,1025,,BB15250
FB15305000SL,Odonil AirFreshner Block 50g Jasmine-SL,144,BB153,0,1,IBD,Odonil line,0.062,50,1025,,BB15350
FB15405000SL,Odonil AirFreshner Block 50g Orchid-SL,144,BB154,0,1,IBD,Odonil line,0.062,50,1025,,BB15450
FB15505000SL,Odonil AirFreshner Block 50g Rose - SL,144,BB155,0,1,IBD,Odonil line,0.062,50,1025,,BB15550
FB26802400EX,QUANTUM FRESH FLD TPST 0.85OZ(24G),288,BB295,1,0,Pvt Label,Toothpaste Line,0.03,24,1024,,BB29524
FB21705000EX,Promise Mouthwash 50 ML,144,BB217,1,0,Pvt Label,Mouthwash line,0.07,52.5,1024,,BB21752.5
FB23010000UK,Miswak Toothpaste (UK) 100 ML,72,BB297,1,1,IBD,Toothpaste Line,0.12,154,1024,,BB297154
FB30307500EX,Dentifrice Fluoride Toothpaste 75 ML,72,BB280,1,0,Pvt Label,Toothpaste Line,0.143,117,1024,,BB280117
FB22101500ML,Najwa Herbal T/Paste 15g (Eng+Ara+Mal)-,432,BB221A,1,1,Pvt Label,Toothpaste Line,0.023,15,1024,,BB221A15
FB13050000EX,SANIFRESHLIQUIDTOILET CLEANER(AUS) 500ML,24,BB130,0,0,IBD,Sanifresh line,0.617,510,1025,,BB130510
FB292115COEX,TRICARE TOOTHPASTE 75ML(115G)(WITH CARTO,100,BB280,1,1,Pvt Label,Toothpaste Line,0.143,115,1024,,BB280115
FM05304000EX,Fem USA HRC - Sandal 40gm - Tube New,96,BM053,0,1,IBD,HRC tube,0.074,40,1025,,BM05340
FM05904000EX,Fem USA HRC- Rose 40gm -Tube New,96,BM059,0,1,IBD,HRC tube,0.074,40,1025,,BM05940
FM06304000EX,Fem USA HRC- Lemon 40gm - Tube New,96,BM063,0,1,IBD,HRC tube,0.074,40,1025,,BM06340
FM06404000EX,Fem USA HRC -Blossom 40gm -Tube New,96,BM064,0,1,IBD,HRC tube,0.074,40,1025,,BM06440
FM06704000GC,Fem USA Hair Removal Crm- Aloe Vera 40gm,96,BM049,0,1,IBD,HRC tube,0.074,40,1025,,BM04940
FC25010000UK,Dabur Red Paste (UK) 100 Gms,72,BC250,1,1,IBD,Toothpaste Line,0.104,100,1024,,BC250100
FM05904000SE,Fem USA HRC- Rose 40gm -Tube SEA,96,BM059,0,1,IBD,HRC tube,0.074,40,1025,,BM05940
FM05304000SE,Fem USA HRC- Sandal 40gm -Tube SEA,96,BM053,0,1,IBD,HRC tube,0.074,40,1025,,BM05340
FM06404000SE,Fem USA HRC- Blossom 40gm -Tube SEA,96,BM064,0,1,IBD,HRC tube,0.074,40,1025,,BM06440
FM06304000SE,Fem USA HRC- Lemon 40gm -Tube SEA,96,BM063,0,1,IBD,HRC tube,0.074,40,1025,,BM06340
FB261100I0CZ,PROMISE PST (FL&MINT)GOLD (CZ) 100GM,120,BB243,1,1,Pvt Label,Toothpaste Line,0.1,100,1024,,BB243100
FB33904000EX,Auromere TPST - Freshmint 40 kg- New,1,BB339,1,0,Pvt Label,Toothpaste Line,42.2,40000,1024,,BB33940000
FB05002500EX,Odomos Anti Mosquito Cream 25gms - EXP,288,BB050,1,1,IBD,Odomos line,0.028,25,1025,,BB05025
FB05005000EX,Odomos Anti Mosquito  Cream 50g -EXP    ,288,BB050,1,1,IBD,Odomos line,0.056,50,1025,,BB05050
FB24312500UR,PROMISE CA.PROTECT.TPST(UKR)-125+20G,72,BB243,1,1,IBD,Toothpaste Line,0.172,145,1024,,BB243145
FC250050,Dabur Red Paste 50gm,144,BC250,1,1,IBD,Toothpaste Line,0.066,50,1024,,BC25050
FB33804000EX,Auromere TPST - Mintfree 40 kg - New,1,BB338,1,0,Pvt Label,Toothpaste Line,42.2,40000,1024,,BB33840000
FB34502000CZ,Promise Toothpaste 20g Gold -CZ,432,BB160,1,1,Pvt Label,Toothpaste Line,0.029,20,1024,,BB16020
FB248100H0EX,PROMISE TOOTHPASTE  (HERBAL) 100 G,72,BB248,1,1,IBD,Toothpaste Line,0.12,100,1024,,BB248100
FB24305000UR,Promise Cavity Protection TPST(UKR)-50gm,144,BB243,1,1,IBD,Toothpaste Line,0.066,50,1024,,BB24350
FB37608500EX,Iodent Kids FL TPST-Bblgum 85g-3oz+TBR,48,BB376,1,1,Pvt Label,Toothpaste Line,0.128,85,1024,,BB37685
FB37508500EX,Iodent Kids FL TPST-C.Fruty 85g-3oz+TBR,48,BB375,1,1,Pvt Label,Toothpaste Line,0.128,85,1024,,BB37585
FB40112000EX,Rebi-Dental ALOE Toothpaste 120G,72,BB401,1,1,Pvt Label,Toothpaste Line,0.153,120,1024,,BB401120
FB34002000FJ,Promise Herbal Flu TPST 20gm-FJ,432,BB340,1,0,IBD,Toothpaste Line,0.022,20,1024,,BB34020
FC22120000UC,Dabur Herbal ToothPaste Neem200gm-US/Can,36,BC221B,1,1,IBD,Toothpaste Line,0.25,200,1024,,BC221B200
FB33704000EX,Auromere TPST - Licorice 40 Kg- New,1,BB337,1,0,Pvt Label,Toothpaste Line,42.2,40000,1024,,BB33740000
FB34302000FJ,Promise Flu TPST Icy Mint Gel 20gm - FJ,432,BB343,1,0,IBD,Toothpaste Line,0.022,20,1024,,BB34320
FB27305000EX,Eucryl TPDR 50g (Original Flav)(12 PK),192,BB273,1,1,Pvt Label,Toothpowder line,0.076,50,1024,,BB27350
FB48005000EX,Kruidvat Ultra Denture Adhesive 50ml-Mnt,72,BB480,1,1,Pvt Label,HRC tube,0.083,55,1025,,BB48055
FB48105000EX,Kruidvat Ultra Denture Adhesive 50ml-Ntr,72,BB481,1,1,Pvt Label,HRC tube,0.083,55,1025,,BB48155
FB48705000EX,Trekpleister Denture Adhesive 50ml-Mint,72,BB487,1,1,Pvt Label,HRC tube,0.083,55,1025,,BB48755
FB48605000EX,Trekpleister Denture Adhesive 50ml-Ntrl,72,BB486,1,1,Pvt Label,HRC tube,0.083,55,1025,,BB48655
FB150075,Odonil Blocks 75gm Mix,96,BB154,0,1,Domestic,Odonil line,0.09,75,1025,,BB15475
FB47118100EX,Lucky Whitening TPST 181g-6.4oz + TBR,24,BB471,1,1,Pvt Label,Toothpaste Line,0.248,181,1024,,BB471181
FB47318100EX,Lucky Anti Cavity TPST 181g-6.4oz+TBR,24,BB473,1,1,Pvt Label,Toothpaste Line,0.248,181,1024,,BB473181
FB47512200EX,Lucky Sup Sft Sensitive TPST 122g-4.3oz,24,BB475,1,1,Pvt Label,Toothpaste Line,0.167,122,1024,,BB475122
FB26915000RU,Ayurvedic Tooth Paste 150gm Neem–Russia,72,BB269,1,1,IBD,Toothpaste Line,0.185,150,1024,,BB269150
FB83501200EX,Forhans Smalto Toothpaste 12.5 ML,432,BB835,1,1,Pvt Label,Toothpaste Line,0.026,16.63,1024,,BB83516.63
FC22102000EX,New Dabur Herb'l TPST -Neem 20 gm,432,BC221,1,1,IBD,Toothpaste Line,0.023,20,1024,,BC22120
FC22302000EX,New Dabur Herb'l TPST -Clove 20gm,432,BC223,1,1,IBD,Toothpaste Line,0.024,20,1024,,BC22320
FC22401700EX,New Dabur Herb'l TPST - Whitening 17gm,432,BC224,1,1,IBD,Toothpaste Line,0.02,17,1024,,BC22417
FB37711300EX,Iodent Sensitive TP Fresh Mint 4oz 113g,24,BB377,1,1,Pvt Label,Toothpaste Line,0.15,113,1024,,BB377113
FB37811300EX,Iodent SensitiveTPExtra Whitening4oz113g,24,BB378,1,1,Pvt Label,Toothpaste Line,0.15,113,1024,,BB378113
FB23005001MN,Meswak Toothpaste 50gms + 25 gms CP - MN,144,BB230,1,1,IBD,Toothpaste Line,0.093,75,1024,,BB23075
FB23010001MN,Meswak Toothpaste 100gm + 50 gm CP- MN,72,BB230,1,1,IBD,Toothpaste Line,0.181,150,1024,,BB230150
FM04715000EX,Fem USA In Shower HRC - Aloe Vera 150ml,96,BM047,0,1,IBD,HRC tube,0.233,159,1025,,BM047159
FM05815000EX,Fem USA In Shower HRC - Rose 150ml,96,BM058,0,1,IBD,HRC tube,0.233,159,1025,,BM058159
FB50012500EX,365 Fluoride Toothpaste 125ml,72,BB500,1,0,Pvt Label,Toothpaste Line,0.181,152.5,1024,,BB500152.5
FB46504000EX,Dr.Max Smile Denture Adhesive 40g,72,BB465,1,1,Pvt Label,HRC tube,0.069,40,1025,,BB46540
FM04912001TR,Fem USA HRC AloeVera 120g+ Bal lot CP-TR,48,BM049,0,1,IBD,HRC tube,0.182,120,1025,,BM049120
FB13850001SL,Sanifresh 500ml with Odonil 50gm (CP)-SL,24,BB138,0,0,IBD,Sanifresh line,0.65,530,1025,,BB138530
FB23001700FR,Meswak Toothpaste 17g (FR),480,BB230,1,0,Pvt Label,Toothpaste Line,0.023,17,1024,,BB23017
FB43002400EX,Freshmint kids FF BG TP 24gm (.85 oz),144,BB430,1,0,Pvt Label,Toothpaste Line,0.033,24,1024,,BB43024
FB21750000EX,Promise Mouthwash 500 ML,24,BB217,1,0,Pvt Label,Mouthwash line,0.602,525,1024,,BB217525
FC23102000GC,Dabur Herbal TPST Anti Ageing - 20gm,432,BC231,1,1,IBD,Toothpaste Line,0.028,20,1024,,BC23120
FB13850000SL,Sanifres U.Shin Liq toiletclean 500ml-SL,24,BB138,0,0,IBD,Sanifresh line,0.617,530,1025,,BB138530
FB35210000EX,Derlon Tandpasta Softmint 100ml,72,BB352,1,0,Pvt Label,Toothpaste Line,0.158,122,1024,,BB352122
FB35110000EX,Derlon Tandpasta Coolmint 100ml,72,BB351,1,0,Pvt Label,Toothpaste Line,0.158,122,1024,,BB351122
FB15007500BD,Odonil Blocks 75gm Mix- Bangladesh,96,BB152,0,1,IBD,Odonil line,0.09,75,1025,,BB15275
FB15005000BD,Odonil Blocks 50gm Mix- Bangladesh,144,BB152,0,1,IBD,Odonil line,0.056,50,1025,,BB15250
FB36807500EX,Levevis Tandpasta (Asthma TPST) 75 ml,72,BB368,1,0,Pvt Label,Toothpaste Line,0.131,102,1024,,BB368102
FB230200,Meswak Toothpaste 200gms (36 c/s pack),36,BB230,1,1,IBD,Toothpaste Line,0.24,200,1024,,BB230200
FB46805000EX,DX Dental Denture Adhesive 50ml,72,BB468,1,1,Pvt Label,HRC tube,0.084,55,1025,,BB46855
FB39102800EX,Freshmint Prem Anticavity Gel TPST 28G,144,BB391,1,0,Pvt Label,Toothpaste Line,0.036,28,1024,,BB39128
FB39108500EX,Freshmint Prem Anticavity Gel TPST 85G,72,BB391,1,0,Pvt Label,Toothpaste Line,0.104,85,1024,,BB39185
FC23720000UC,Dabur HerbalTPST forTeeth&Gums200g-Us-Ca,36,BC237,1,1,IBD,Toothpaste Line,0.25,200,1024,,BC237200
FB33901900EX,Auromere TPST  - Mint 12.5ml - 19.5g,432,BB339,1,0,Pvt Label,Toothpaste Line,0.027,19.5,1024,,BB33919.5
FM01102500GC,Fem USA Apple&Peach F.CreamBleach25gm-GC,96,BM012,0,1,IBD,Bleach Line,0.063,25,1025,,BM01225
FM038027,Oxylife Natural Radiance5 Cr Bleach 27g,72,BM038,0,1,Domestic,Bleach Line,0.08,27,1025,,BM03827
FB57712500EX,Jumbo Whitening Fl Tpst 125ml,72,BB577,1,0,Pvt Label,Toothpaste Line,0.189,162.5,1024,,BB577162.5
FB57812500EX,Jumbo Sensitive Fl Tpst 125ml,72,BB578,1,0,Pvt Label,Toothpaste Line,0.189,162.5,1024,,BB578162.5
FB50512500EX,Rema 1000 Tandpasta TPST Coolmint- 125ML,72,BB505,1,0,Pvt Label,Toothpaste Line,0.183,152.5,1024,,BB505152.5
FB26820001EX,Promise TPST with Clove (Arabic)200g+TBR,72,BB268,1,1,IBD,Toothpaste Line,0.264,200,1024,,BB268200
FB58505000CZ,Dentamax Children TP- Strawberry 50ML-CZ,72,BB585,1,0,Pvt Label,Toothpaste Line,0.088,66.5,1024,,BB58566.5
FB84207500EX,Kidz Pre Step Tpst 75ml- Water Melon,72,BB842,1,1,Pvt Label,Toothpaste Line,0.138,92.25,1024,,BB84292.25
FB84107500EX,Kidz Pre Step Tpst 75ml- Original Fruity,72,BB841,1,1,Pvt Label,Toothpaste Line,0.138,92.25,1024,,BB84192.25
FB84007500EX,Kidz Pre Step Tpst 75ml- Bubble Gum,72,BB840,1,1,Pvt Label,Toothpaste Line,0.138,92.25,1024,,BB84092.25
FB83707500EX,Forhans Denti Sensibili Advanced TP 75ml,72,BB837,1,1,Pvt Label,Toothpaste Line,0.147,101.25,1024,,BB837101.25
FB83605000EX,Forhans Kids Tpst 50ml- Bubble Gum,72,BB836,1,0,Pvt Label,Toothpaste Line,0.085,65,1024,,BB83665
FB33411700EX,Auromere TPST –Foam Free Mint 75ml- 117g,144,BB334,1,1,Pvt Label,Toothpaste Line,0.156,117,1024,,BB334117
FB33404000EX,Auromere TP- Foam Free Mint (Bulk) 40kg,1,BB334,1,0,Pvt Label,Toothpaste Line,1.055,40000,1024,,BB33440000
FB22820000UC,Meswak Herbal tpst-Dentifrice 200g-US-CA,36,BB228,1,1,IBD,Toothpaste Line,0.23,200,1024,,BB228200
FM05304000MN,Fem USA HRC- Sandal 40gm tube - Myanmar,96,BM053,0,1,IBD,HRC tube,0.074,40,1025,,BM05340
FM06304000MN,Fem USA HRC- Lemon 40gm tube -Myanmar,96,BM063,0,1,IBD,HRC tube,0.074,40,1025,,BM06340
FM06404000MN,Fem USA HRC- Blossom 40gm tube -Myanmar,96,BM064,0,1,IBD,HRC tube,0.074,40,1025,,BM06440
FM05904000MN,Fem USA HRC- Rose 40gm tube -Myanmar,96,BM059,0,1,IBD,HRC tube,0.074,40,1025,,BM05940
FB83007501EX,Denthoral UltraWhite TP 75ml(12’s Inner),72,BB830,1,1,Pvt Label,Toothpaste Line,0.128,91.5,1024,,BB83091.5
FC25005000SL,Dabur Red Paste 50gm (144 C/S Pack)-SL,144,BC250,1,1,IBD,Toothpaste Line,0.06,50,1024,,BC25050
FC25010000SL,Dabur Red Paste 100gm (72 C/S Pack)-SL,72,BC250,1,1,IBD,Toothpaste Line,0.125,100,1024,,BC250100
FC25020000SL,Dabur Red Paste 200gm (36 C/S Pack)-SL,36,BC250,1,1,IBD,Toothpaste Line,0.24,200,1024,,BC250200
FB33311700EX,Auromere Herbal TPST-75ml-117g(Apeiron),72,BB333,1,1,Pvt Label,Toothpaste Line,0.161,117,1024,,BB333117
FM06811000GC,Fem USA Hair Removal Cream- Gold 110gm,48,BM068,0,1,IBD,HRC tube,0.172,110,1025,,BM068110
FM05740J,FEM Antidarkening HRC Rose 40gm Jar,96,BM057,0,1,Domestic,HRC jar,0.088,40,1025,,BM05740
FM05240J,FEM Antidarkening HRC Sandal 40gm Jar,96,BM052,0,1,Domestic,HRC jar,0.088,40,1025,,BM05240
FM057025,FEM Antidarkening HRC Rose 25gm Tube,144,BM057,0,1,IBD,HRC tube,0.058,25,1025,,BM05725
FM052025,FEM Antidarkening HRC Sandal 25gm Tube,144,BM052,0,1,IBD,HRC tube,0.058,25,1025,,BM05225
FB210010,PROMISE 10GM ,576,BB210,1,0,Domestic,Toothpaste Line,0.015,10,1024,,BB21010
FB21001001,PROMISE TOOTHPASTE 10 G (AIR INDIA),576,BB210,1,0,Domestic,Toothpaste Line,0.017,10,1024,,BB21010
FB230010,MESWAK 10 G,576,BB230,1,0,Domestic,Toothpaste Line,0.014,10,1024,,BB23010
FB226010,Meswak 10g,576,BB226,1,0,Domestic,Toothpaste Line,0.014,10,1024,,BB22610
FB230020,Meswak Toothpaste 20gm,576,BB230,1,0,Domestic,Toothpaste Line,0.022,20,1024,,BB23020
FG22603501,Dabur Meswak 35g pack Free with AHO 90ml,216,BB226,1,1,Domestic,Toothpaste Line,0.042,35,1024,,BB22635
FB226C1001,Dabur Meswak 100g CSD Cs 72 Index 4071,72,BB226,1,1,Domestic,Toothpaste Line,0.123,100,1024,,BB226100
FB226C10,Dabur Meswak 100g CSD Index:4071,144,BB226,1,1,Domestic,Toothpaste Line,0.12,100,1024,,BB226100
FB230C10,Meswak T Paste-Green 100g,144,BB230,1,1,Domestic,Toothpaste Line,0.118,100,1024,,BB230100
FB230C1005,Meswak 100gm CSD-Index: 4071 C/s 216,216,BB230,1,1,Domestic,Toothpaste Line,0.15,100,1024,,BB230100
FB230C1003,MESWAK 100 G+ 25% EXTRA,144,BB230,1,1,Domestic,Toothpaste Line,0.149,125,1024,,BB230125
FB230C1004,Meswak 100gm+100gm+Brush Combi-CSD,72,BB230,1,1,Domestic,Toothpaste Line,0.25,200,1024,,BB230200
FB226050,Dabur Meswak 50gm,144,BB226,1,1,Domestic,Toothpaste Line,0.06,50,1024,,BB22650
FB226100,Dabur Meswak 100gm,72,BB226,1,1,Domestic,Toothpaste Line,0.122,100,1024,,BB226100
FB226200,Dabur Meswak 200gm,36,BB226,1,1,Domestic,Toothpaste Line,0.239,200,1024,,BB226200
FC250C50N,Dabur red Paste 50gm CSD Index 4058,144,BC250,1,1,Domestic,Toothpaste Line,0.064,50,1024,,BC25050
FC250C5001,RTP 50g CSD,216,BC250,1,1,Domestic,Toothpaste Line,0.065,50,1024,,BC25050
FC250C5002,RTP 50g CSD  - 432 c/s,432,BC250,1,1,Domestic,Toothpaste Line,0.075,50,1024,,BC25050
FC250C10N,Dabur Red Paste 100gm CSD Index 4005,72,BC250,1,1,Domestic,Toothpaste Line,0.122,100,1024,,BC250100
FC250C1001,RTP 100g CSD,144,BC250,1,1,Domestic,Toothpaste Line,0.124,100,1024,,BC250100
FC250C1002,Dabur Red Paste 100gm-CSD C/s 216,216,BC250,1,1,Domestic,Toothpaste Line,0.12,100,1024,,BC250100
FC250C20N,Dabur Red Paste 200gm CSD Index 4006,36,BC250,1,1,Domestic,Toothpaste Line,0.239,200,1024,,BC250200
FC250C2002,RTP 200g CSD,72,BC250,1,1,Domestic,Toothpaste Line,0.25,200,1024,,BC250200
FC250C2003,Dabur Red Paste 200gm-CSD C/s 108,108,BC250,1,1,Domestic,Toothpaste Line,0.22,200,1024,,BC250200
FC250C3001,RTP Family pack CSD,36,BC250,1,1,Domestic,Toothpaste Line,0.315,300,1024,,BC250300
FB060400,A1 TOILET CUBES 400 GMS,48,BB102,0,1,Domestic,Odonil line,0.427,400,1025,,BB102400
FB060300,A1 Toilet Cubes 300gms,48,BB102,0,1,Domestic,Odonil line,0.35,300,1025,,BB102300
FB10075P,MULTI PIECE 75G,16,BB102,0,1,Domestic,Odonil line,0.94,75,1025,,BB10275
FB10010001,MULTI PIECE 100G,10,BB102,0,1,Domestic,Odonil line,1.079,100,1025,,BB102100
FB100C5001,ODONIL 50 GM (CSD),144,BB151M,0,1,Domestic,Odonil line,0.065,50,1025,,BB151M50
FB100C10,ODONIL 100 GM (CSD),192,BB151M,0,1,Domestic,Odonil line,0.108,100,1025,,BB151M100
FB150C10,Odonil Block 100g Mix CSD Indx:27162 New,72,BB151M,0,1,Domestic,Odonil line,0.117,100,1025,,BB151M100
FG152050  ,Odonil 50 g for Sanifresh Scheme (CSD),144,BB152,0,1,Domestic,Odonil line,0.06,50,1025,,BB15250
FB130C5001,Sanifresh 500ml + Odonil 50g   (CSD),24,BB130,0,0,Domestic,Sanifresh line,0.695,500,1025,,BB130500
FB130C5F,Sanifresh 500ml Forest Dew (CSD),24,BB131,0,0,Domestic,Sanifresh line,0.584,500,1025,,BB131500
FB130C50,Sanifresh ToiletClnr 500ml CSD Ind:27094,24,BB130,0,0,Domestic,Sanifresh line,0.617,530,1025,,BB130530
FB138C50,Sanifresh Ultrashine 500ml Index 27094,24,BB138,0,0,Domestic,Sanifresh line,0.628,530,1025,,BB138530
FB050012,ODOMOS CREAM 12GM ,288,BB051B,1,1,Domestic,Odomos line,0.02,12,1025,,BB051B12
FB050C10,ODOMOS CREAM 100GM (CSD),36,BB051B,1,1,Domestic,Odomos line,0.117,100,1025,,BB051B100
FB05010A,ODOMOS CREAM 100GM (ARMY),144,BB051A,1,1,Domestic,Odomos line,0.127,100,1025,,BB051A100
FB040C12,ODOMOS  LOTION  120 ML,48,BB040,1,1,Domestic,Odomos Lotion line,0.165,120,1025,,BB040120
FM123C01,Fem SoftHandz1Ltr Disp MixCSD-Indx:3403L,12,BM101,0,1,Domestic,Handwash line,1.17,1000,1025,,BM1011000
FM012C52,Fem Bleach A&P 52.8gm - New CSD,144,BM012,0,1,Domestic,Bleach Line,0.12,52.8,1025,,BM01252.8
FM051C40J,Fem DC Hair Remover Chandan40gm Jar-CSD,144,BM051,0,1,Domestic,HRC jar,0.09,40,1025,,BM05140
FM056C40J,Fem DC Hair Rem. Rose 40gm Jar-CSD,144,BM056,0,1,Domestic,HRC jar,0.09,40,1025,,BM05640
FM061C40J,Fem DC Hair Rem. Lemon 40gm Jar-CSD,144,BM061,0,1,Domestic,HRC jar,0.09,40,1025,,BM06140
FM066C40J,Fem DC Hair Rem. Blossom 40gm Jar-CSD,144,BM066,0,1,Domestic,HRC jar,0.09,40,1025,,BM06640
FM051C25,Fem DC Hair Remover Chandan 25gm CSD,288,BM051,0,1,Domestic,HRC tube,0.059,25,1025,,BM05125
FM056C25,Fem DC Hair Remover Rose 25gm CSD,288,BM056,0,1,Domestic,HRC tube,0.059,25,1025,,BM05625
FM061C25,Fem DC Hair Remover Lemon 25gm CSD,288,BM061,0,1,Domestic,HRC tube,0.059,25,1025,,BM06125
FM066C25,Fem DC Hair Remover Blossom 25gm CSD,288,BM066,0,1,Domestic,HRC tube,0.059,25,1025,,BM06625
FI012048,Powder activator-4.8g-FCB A&P New-52.8g,144,BI012,0,0,Domestic,Activator Line,,5,1025,,BI0125
FI011003GC,Pdr Activator-A&P-3g FFCB A & P-25g GC,96,BI012,0,0,IBD,Activator Line,,25,1025,,BI01225
FI012070GC,Powder Activator-7g-FFCB A&P New-50g-GC,72,BI012,0,0,IBD,Activator Line,,50,1025,,BI01250
FI012014GC,Pdr Activator-14g-FFCB A&P New-100g-GC,48,BI012,0,0,IBD,Activator Line,,100,1025,,BI012100
FI022070GC,Powder Activator-7g-FCCB MPB New-50g,72,BI022,0,0,IBD,Activator Line,,50,1025,,BI02250
FI022014GC,Powder Activator-14g-FCCB MPB New-100g,48,BI022,0,0,IBD,Activator Line,,100,1025,,BI022100
FI036003GC,Pdr Activator-3g-Oxy Bleach New-25g GC,72,BI036B,0,0,IBD,Activator Line,,25,1025,,BI036B25
FI03600101GC,Pre Bleech Cream-1.5g-OxyCreamNew-25gGC,72,BI036A,0,0,IBD,Bleach Pouch Line,,25,1025,,BI036A25
FI47600101GC,Herbal Post Bleech Cream-1g-H B-15g-GC,72,BI476B,1,0,IBD,Bleach Pouch Line,,25,1025,,BI476B25
FI476001GC,Herbal Pre Bleech Cream-1g-H B-15g-GC,96,BI476A,1,0,IBD,Bleach Pouch Line,,15,1025,,BI476A15
FI476002GC,Herbal Pdr Activator-2g for H B-15g-GC,96,BI476,0,0,IBD,Activator Line,,15,1025,,BI47615
FM046008,FEM Naturals Saffron Fairness Bl 8 gm,144,BM046,0,1,Domestic,Bleach Line,0.026,8,1025,,BM0468
FM046024,FEM Naturals Saffron Fairness Bl 24 gm,96,BM046,0,1,Domestic,Bleach Line,0.06,24,1025,,BM04624
FM038009,Oxylife Natural Radiance5 Cr Bleach 9g,144,BM038,0,0,Domestic,Bleach Line,0.033,9,1025,,BM0389
FM360025,Fem Antidarkening HRC Turmeric 25gm Tube ,144,BM360,0,1,Domestic,HRC tube,0.061,25,1025,,BM36025
FM362025,FEM Antidarkening HRC Gold 25gm Tube,144,BM362,0,1,Domestic,HRC tube,0.061,25,1025,,BM36225
FG362025,Fem Antidarkening HRC Gold 25gmTube Free,144,BM362,0,1,Domestic,HRC tube,0.063,25,1025,,BM36225
FM36040J,Fem Antidarkening HRC Turmeric 40gm Jar,96,BM360,0,1,Domestic,HRC jar,0.091,40,1025,,BM36040
FM36240J,Fem Antidarkening HRC Gold 40gm Jar,96,BM362,0,1,Domestic,HRC jar,0.091,40,1025,,BM36240
FM05204001,Fem AD.HRC Sandal 40gmTube CP Gulab. 30ml,96,BM052,0,1,Domestic,HRC tube,0.135,40,1025,,BM05240
FM05704001,Fem AD.HRC Rose 40gmTube CP Gulab. 30ml,96,BM057,0,1,Domestic,HRC tube,0.135,40,1025,,BM05740
FM36004001,Fem AD.HRC Turmeric 40gmTube CP Gulab. 30ml,96,BM360,0,1,Domestic,HRC tube,0.135,40,1025,,BM36040
FM36204001,Fem AD.HRC Gold 40gmTube CP Gulab. 30ml,96,BM362,0,1,Domestic,HRC tube,0.135,40,1025,,BM36240
FM05240J04,Fem AD.HRCTurmeric 40gmJar CP Gulabari 30ml,96,BM052,0,1,Domestic,HRC jar,0.135,40,1025,,BM05240
FM05740J04,Fem AD.HRC Rose 40g JarCP Gulabari 30ml,96,BM057,0,1,Domestic,HRC jar,0.135,40,1025,,BM05740
FM36040J04,Fem AD.HRCTurmeric 40gmJar CP Gulabari 30ml,96,BM360,0,1,Domestic,HRC jar,0.135,40,1025,,BM36040
FM36240J04,Fem AD.HRCGold 40gmJar CP Gulabari 30ml,96,BM362,0,1,Domestic,HRC jar,0.135,40,1025,,BM36240
FM052040,Fem Antidarkening HRC Sandal  40gm Tube,96,BM052,0,1,Domestic,HRC tube,0.09,40,1025,,BM05240
FM057040,Fem Antidarkening  HRC Rose  40gm Tube,96,BM057,0,1,Domestic,HRC tube,0.09,40,1025,,BM05740
FM360040,Fem Antidarkening HRC Turmeric 40gm Tube,96,BM360,0,1,Domestic,HRC tube,0.09,40,1025,,BM36040
FM362040,Fem Antidarkening HRC Gold  40gm Tube,96,BM362,0,1,Domestic,HRC tube,0.09,40,1025,,BM36240
FI046001,Pdr Activator-1g-Naturals Saffron-FB-8g,144,BI046,0,0,Domestic,Activator Line,,8,1025,,BI0468
FI038001,Activator Pdr-1g-OxyLife NR 5CR-9g,144,BI038A,0,0,Domestic,Activator Line,,9,1025,,BI038A9
FI038003,Activator Pdr-3g-OxyLife NR 5CR-27g,72,BI038A,0,0,Domestic,Activator Line,,27,1025,,BI038A27
FI03800101,Post Bleech Serum-1g-OxyLife NR 5CR-9g,72,BI038B,0,0,Domestic,Bleach Pouch Line,,27,1025,,BI038B27
FB43202401EX,Freshmint PrmTP 24g-0.85OZ-ADA85-TopSeal,144,BB551,1,0,Pvt Label,Toothpaste Line,0.034,24,1024,,BB55124
FI049005GC,pH Balanacing Skin Care Lotion - 5g - GC,1,BI049A,0,0,IBD,Bleach Pouch Line,,5,1025,,BI049A5
FI051005,pH Restoring Lotion - 5g- FHRC 40g,1,BI051,0,0,Domestic,Bleach Pouch Line,,40,1025,,BI05140
FI052005,FEMANTI DARKENINGPOST H REMOVAL MOIST-5g- 25g,1,BI052,0,0,Domestic,Bleach Pouch Line,,5,1025,,BI0525
FI053005TU,pH Balancing Skincare Lotion5g–Turkey Ex - 120g,1,BI049A,0,0,IBD,Bleach Pouch Line,,120,1025,,BI049A120
FI360005,FEM AD HRC Restoring Trmc Lotion - 5g,1,BI360,0,0,Domestic,Bleach Pouch Line,,5,1025,,BI3605
FI362005,FEM AD HRC Restoring Gold Gel -5g,1,BI362,0,0,Domestic,Bleach Pouch Line,,5,1025,,BI3625
FB23003501,Meswak Toothpaste 35gm Without Dangler,216,BB230,1,1,Domestic,Toothpaste Line,0.05,35,1024,,BB23035
FG15205000SL,Odonil 50gmLAVfreewith Sanifresh500ml-SL,24,BB152,0,1,IBD,Odonil line,0.053,50,1025,,BB15250
FB24312502UR,Promise cavity protectionTpst125+20g-UA,72,BB243,1,1,IBD,Toothpaste Line,0.198,145,1024,,BB243145
FB24710000UR,Promise Toothpaste (B.Soda)100gm-Ukraine,72,BB247,1,1,IBD,Toothpaste Line,0.12,100,1024,,BB247100
FC22315006GC,Dabur Herbal T.Paste Clove150 Gm+TB-CP,48,BC223,1,1,IBD,Toothpaste Line,0.24,150,1024,,BC223150
FB22901700EX,Miswak TPST- Fresh Gel 17gm,432,BB229,1,1,IBD,Toothpaste Line,0.02,17,1024,,BB22917
FB25602000GC,Miswak Herbal Tooth Paste 20gm,432,BB256,1,0,IBD,Toothpaste Line,0.024,20,1024,,BB25620
FG22603502,Dabur Meswak 35gm free with VHO 75ml,216,BB226,1,1,Domestic,Toothpaste Line,0.049,35,1024,,BB22635
FI046003,Pdr Activator-3g-Naturals Saffron-FB-24g,1,BI046,0,0,Domestic,Activator Line,,3,1025,,BI0463
FB24910000UR,PromiseToothpaste(Tar.Cont)100gm-Ukraine,72,BB249,1,1,IBD,Toothpaste Line,0.12,100,1024,,BB249100
FB24610000UR,Promise Toothpaste(Whiting)100gm-Ukraine,72,BB246,1,1,IBD,Toothpaste Line,0.12,100,1024,,BB246100
FB43208501EX,Freshmint Pre AC TP 85G-3OZ ADA-24 PCS,24,BB551,1,0,Pvt Label,Toothpaste Line,0.104,85,1024,,BB55185
FC22701700EX,New Dabur Herb'l TPST - Green Gel 17 gm,432,BC227,1,1,IBD,Toothpaste Line,0.02,17,1024,,BC22717
FB04006000AF,Adv.Odomos Mosquito Replt.Lotion 60ml-AF,96,BB040,1,0,IBD,Odomos Lotion line,0.099,58.198,1025,,BB04058.198
FB04012000AF,Adv.Odomos MosquitoReplt.Lotion 120ml-AF,48,BB040,1,0,IBD,Odomos Lotion line,0.199,116.396,1025,,BB040116.396
FB04106000AF,Odomos Naturals Lotion 60ml - Africa,96,BB041,1,0,IBD,Odomos Lotion line,0.083,58.198,1025,,BB04158.198
FB04112000AF,Odomos Naturals Lotion 120ml - Africa,48,BB041,1,0,IBD,Odomos Lotion line,0.163,116.396,1025,,BB041116.396
FB04508000AF,Odomos Mosquito Replt Gel 80gm-AF,48,BB045,1,1,IBD,Odomos line,0.099,80,1025,,BB04580
FB04608000AF,Odomos Naturals Gel 80gm - Africa,48,BB046,1,1,IBD,Odomos line,0.107,80,1025,,BB04680
FB05202500AF,Odomos Naturals Cream 25gm - Africa,144,BB052,1,1,IBD,Odomos line,0.036,25,1025,,BB05225
FB05205000AF,Odomos Naturals Cream 50gm - Africa,96,BB052,1,1,IBD,Odomos line,0.059,50,1025,,BB05250
FB21204000SS,Dabur Promise Red gel 40 gm - SSA,144,BB212A,1,1,IBD,Toothpaste Line,0.06,40,1024,,BB212A40
FB21210000SS,Dabur Promise Red Gel 100 gm- SSA,72,BB212A,1,1,IBD,Toothpaste Line,0.12,100,1024,,BB212A100
FB24304000SS,Dabur Promise Toothpaste 40 gm- SSA-N,144,BB243,1,1,IBD,Toothpaste Line,0.06,40,1024,,BB24340
FB24310000SS,Dabur Promise Toothpaste 100 gm- SSA-N,72,BB243,1,1,IBD,Toothpaste Line,0.12,100,1024,,BB243100
FB29907801EX,Maximum Security Gel TPST 2.75 OZ 78gm,144,BB299,1,0,Pvt Label,Toothpaste Line,0.097,78,1024,,BB29978
FB83507501EX,Forhans Smalto TP 75 ML- 12’s Inner Pack,72,BB835,1,1,Pvt Label,Toothpaste Line,0.15,100,1024,,BB835100
FB83507502EX,ForhansSmalto75ml+ForhansSmalto12.5ml TP,48,BB835,1,1,Pvt Label,Toothpaste Line,0.188,116.38,1024,,BB835116.38
FB51411700EX,Auromere TPST-Freshmint-117g-ORG NEEM,144,BB514,1,1,Pvt Label,Toothpaste Line,0.156,117,1024,,BB514117
FB51211700EX,Auromere TPST-Mintfree-117g-ORG NEEM,144,BB512,1,1,Pvt Label,Toothpaste Line,0.156,117,1024,,BB512117
FB51111700EX,Auromere TPST-Licorice-117g-ORG NEEM,144,BB511,1,1,Pvt Label,Toothpaste Line,0.156,117,1024,,BB511117
FB84711900EX,Shopkins BubbleGum Gel TPST-4.2 OZ(119g),24,BB847,1,0,Pvt Label,Toothpaste Line,0.162,119,1024,,BB847119
FB21210000RU,Dabur Promise Red Gel 100 gm- RU,72,BB212A,1,1,IBD,Toothpaste Line,0.12,100,1024,,BB212A100
FB25010000EX,PROMISE TPASTE  (for SMOKERS)  100,72,BB250,1,1,IBD,Toothpaste Line,0.12,100,1024,,BB250100
FB43200800EX,Freshmint Premium AC TPST 8G-0.28OZ-ADA,1000,BB551,1,0,Pvt Label,Toothpaste Pouch line,0.01,8,1024,,BB5518
FB24001700EX,Amerfresh Fluoride Toothpaste 17G -0.6OZ,720,BB240,1,0,Pvt Label,Toothpaste Line,0.023,17,1024,,BB24017
FB24002400EX,AMERFRESH FLUORIDE TOOTHPASTE 24 G,720,BB240,1,0,Pvt Label,Toothpaste Line,0.03,24,1024,,BB24024
FB51140K00EX,Auromere TP-Licorice-40kg DRUM-ORG NEEM,1,BB511,1,0,Pvt Label,Toothpaste Line,42.2,40000,1024,,BB51140000
FB51240K00EX,Auromere TP-Mintfree-40kg DRUM-ORG NEEM,1,BB512,1,0,Pvt Label,Toothpaste Line,42.2,40000,1024,,BB51240000
FB33147300EX,Auromere Mouthwash 473ml (16OZ) - Bottle,36,BB331,1,0,Pvt Label,Mouthwash line,0.661,511,1024,,BB331511
FB57304300EX,Dynarex Morning Fresh Fl TPST - 43g,144,BB573,1,1,Pvt Label,Toothpaste Line,0.056,43,1024,,BB57343
FB57307800EX,Dynarex Morning Fresh Fl TPST - 78g,144,BB573,1,1,Pvt Label,Toothpaste Line,0.098,78,1024,,BB57378
FB51511700EX,Auromere TPST-Foamfree-117g-ORG NEEM,144,BB515,1,1,Pvt Label,Toothpaste Line,0.156,117,1024,,BB515117
FB51311700EX,Auromere TPST–FoamFreeMint-117g-ORG NEEM,144,BB513,1,1,Pvt Label,Toothpaste Line,0.156,117,1024,,BB513117
FB51540K00EX,Auromere TP- Foamfree-40kg DRUM-ORG NEEM,1,BB515,1,0,Pvt Label,Toothpaste Line,42.2,40000,1024,,BB51540000
FB51340K00EX,Auromere TP–FoamFreeMint-40kg-ORG NEEM,1,BB513,1,0,Pvt Label,Toothpaste Line,42.2,40000,1024,,BB51340000
FB51440K00EX,Auromere TP-Freshmint-40kg DRUM-ORG NEEM,1,BB514,1,0,Pvt Label,Toothpaste Line,42.2,40000,1024,,BB51440000
FB53013300EX,BURST MINT AC FLD TPST 133 G-4.7 OZ,24,BB530,1,0,Pvt Label,Toothpaste Line,0.158,133,1024,,BB530133
FB53507500EX,SESAMESTREET KIDS TOOTHPASTE 75 ML,100,BB535,1,1,Pvt Label,Toothpaste Line,0.125,99,1024,,BB53599
FB47218101EX,Lucky Wht AC Fld Tpst 181g-6.4OZ+TBR-New,24,BB472,1,1,Pvt Label,Toothpaste Line,0.258,181,1024,,BB472181
FB47211301EX,Lucky Wht AC Fld Tpst 113g-4 Oz-Twin Pk,12,BB472,1,1,Pvt Label,Toothpaste Line,0.287,226,1024,,BB472226
FB47411301EX,Lucky AC Fld Tpst 113g-4 Oz-Twin Pk,12,BB474,1,1,Pvt Label,Toothpaste Line,0.287,226,1024,,BB474226
FB83501201EX,Forhans Special TPST 12.5 ML-25 pk--NOT,150,,1,1,Pvt Label,Toothpaste Line,,12.5,1024,,12.5
FC25010000MN,Dabur Red Paste 100 gm - MN,72,BC250,1,1,IBD,Toothpaste Line,0.125,100,1024,,BC250100
FC25015000MN,Dabur Red Paste 150 gm - MN,48,BC250,1,1,IBD,Toothpaste Line,0.18,150,1024,,BC250150
FC25020000MN,Dabur Red Paste 200 gm - MN,36,BC250,1,1,IBD,Toothpaste Line,0.241,200,1024,,BC250200
FB47418101EX,Lucky AC Fld Tpst 181g-6.4Oz+TBR-New,24,BB474,1,1,Pvt Label,Toothpaste Line,,181,1024,,BB474181
FC22315001QT,Dabur Herbal T.Paste-Clove 150gm+TB-QTR,48,BC223,1,1,IBD,Toothpaste Line,0.24,150,1024,,BC223150
FC22115001QT,Dabur Herbal T.Paste-Neem 150gm+TB-QTR,48,BC221,1,1,IBD,Toothpaste Line,0.24,150,1024,,BC221150
FC22215001QT,Dabur Herbal T.Paste-Basil 150gm+TB-QTR,48,BC222,1,1,IBD,Toothpaste Line,0.24,150,1024,,BC222150
FC22415001QT,Dabur Herbal T.Paste-Whitening 150gm+TB-,48,BC224,1,1,IBD,Toothpaste Line,0.24,150,1024,,BC224150
FC22515001QT,DaburHerbalT.Paste-Freshgel150gm+TB-QTR,48,BC227,1,1,IBD,Toothpaste Line,0.24,150,1024,,BC227150
FC74502000GC,Dabur Herbal TPST Smokers 20gm- GCC,432,BC745,1,1,IBD,Toothpaste Line,,20,1024,,BC74520
FB51704000EX,Auromere TP-Freshmint 40kg-ORG NEEM - ST,1,BB517A,1,0,Pvt Label,Toothpaste Line,,40000,1024,,BB517A40000
FB51904000EX,Auromere TP- Licorice-40kg ORG NEEM - ST,1,BB519A,1,0,Pvt Label,Toothpaste Line,,40000,1024,,BB519A40000
FB51804000EX,Auromere TP-Mintfree-40kg -ORG NEEM - ST,1,BB518A,1,0,Pvt Label,Toothpaste Line,,40000,1024,,BB518A40000
FB83801200EX,Forhans Special Toothpaste 12.5 ML-25 pk,150,BB838,1,1,Pvt Label,Toothpaste Line,,17,1024,,BB83817
FB51611700EX,Auromere TPST- Licorice 117g-4.16oz-AB,144,BB516,1,1,Pvt Label,Toothpaste Line,,117,1024,,BB516117
FC25010000QT,Dabur Red Paste 100 gm - Qatar,72,BC250,1,1,IBD,Toothpaste Line,0.125,100,1024,,BC250100
FC25020000QT,Dabur Red Paste 200g - Qatar,36,BC250,1,1,IBD,Toothpaste Line,0.241,200,1024,,BC250200
FB43107800EX,Freshmint Flouride Free TPST 78gm-2.75oz,144,BB431,1,1,Pvt Label,Toothpaste Line,,78,1024,,BB43178
FB51111701EX,Auromere TPST- Classic-117g-ORG NEEM,144,BB511,1,1,Pvt Label,Toothpaste Line,,117,1024,,BB511117
FB84811900EX,THOMAS & FRIENDS BBL GUM 4.2Oz(119g) TP,24,BB848A,1,1,Pvt Label,Toothpaste Line,,119,1024,,BB848A119
FB15005005,Odonil Blocks 50gm Mix(3+1 Offer(Promo)),192,BB152A,0,1,Domestic,Odonil line,,50,1025,,BB152A50
FB22602000US,Dabur Meswak Toothpaste 20gm -USA,432,BB228,1,1,IBD,Toothpaste Line,,20,1024,,BB22820
FB89618400EX,HONEY & MISWAK FL FREE TPST 6.5Oz (184g),48,BB896A,1,1,Pvt Label,Toothpaste Line,,184,1024,,BB896A184
FB89704200EX,MED PRIDE FLUORIDE TPST 1.5 Oz (42.5g),144,BB897A,1,1,Pvt Label,Toothpaste Line,,42.5,1024,,BB897A42.5
FB30518101EX,Iodent FL TPST-Mint 181g-6.4oz+TB(24 pc),24,BB305,1,1,Pvt Label,Toothpaste Line,,181,1024,,BB305181
FC22202000EX,New Dabur Herb'l TPST -BASIL 20gm,432,BC222,1,1,IBD,Toothpaste Line,,20,1024,,BC22220
FB35112500EX,Derlon Coolmint Toothpaste 125ml,72,BB351A,1,0,Pvt Label,Toothpaste Line,,153,1024,,BB351A153
FB35312500EX,Derlon Anti Caries Toothpaste 125ml,72,BB353A,1,0,Pvt Label,Toothpaste Line,,196,1024,,BB353A196
FB30418102EX,Fluoride Cavity Fighting TP 181G+TB-24pk,24,BB304,1,1,Pvt Label,Toothpaste Line,,181,1024,,BB304181
FB21017001UC,Dabur PromiseTPST 170g(2x170gCP)-Usa-Can,36,BB210A,1,1,IBD,Toothpaste Line,0.402,340,1024,,BB210A340
FB20018001UC,Dabur Babool TPST 180g(2x180g CP)-US-Can,36,BB200A,1,1,IBD,Toothpaste Line,0.427,360,1024,,BB200A360
FR19511300EX,CAREALL PETROLEUM JELLY 4 OZ (113g) TUB,72,BR195,0,0,Pvt Label,HRC jar,0.15,113,1025,,BR195113
FR19522600EX,CAREALL PETROLEUM JELLY 8 OZ (226g) TUB,48,BR195,0,0,Pvt Label,HRC jar,0.282,226,1025,,BR195226
FR19536800EX,CAREALL PETROLEUM JELLY 13 OZ (368g) TUB,36,BR195,0,0,Pvt Label,HRC jar,0.457,368,1025,,BR195368
FB138C5001,Sanifresh N Toilet Cleaner500ml CSD27094,24,BB138,0,0,Domestic,Sanifresh line,,520,1025,,BB138520
FB15005013,Odonil Blocks 50gm Mix CP3+1 Offer G,192,BB152A,0,1,Domestic,Odonil line,,50,1025,,BB152A50
FR21020000UC,Dabur Red Toothpaste 200G-Us-Can (PF),36,BR210,1,1,IBD,Toothpaste Line,,200,1024,,BR210200
FB90011800EX,MEDPRIDE ORALPLUS MOUTHWASH 4fl Oz-118ml,60,BB900,1,1,Pvt Label,Mouthwash line,,118,1024,,BB900118
FB23608500EX,Amerfresh Fluoride TPST  TC 85G - 3  OZ,144,BB236,1,1,Pvt Label,Toothpaste Line,,85,1024,,BB23685
FB38905900EX,Freshmint AF Mouthwash – 2 fl oz (59ml),96,BB389,1,0,Pvt Label,Mouthwash line,,59,1024,,BB38959
FB38911800EX,Freshmint AF Mouthwash – 4 fl oz (118ml),60,BB389,1,0,Pvt Label,Mouthwash line,,118,1024,,BB389118
FB24008500EX,AMERFRESH FLUORIDE T/PASTE 85 G (CB),144,BB240,1,0,Pvt Label,Toothpaste Line,0.103,85,1024,,BB24085
FB58609000EX,LASCO ADV CAVITY PROTECTION FL TPST 90G,48,BB586,1,1,Pvt Label,Toothpaste Line,,90,1024,,BB58690
FB58616000EX,LASCO ADV CAVITY PROTECTION FL TPST 160G,48,BB586,1,1,Pvt Label,Toothpaste Line,,160,1024,,BB586160
FB58816000EX,LASCO TRIPLE CARE FL TPST 160G,48,BB588,1,1,Pvt Label,Toothpaste Line,,160,1024,,BB588160
FB58802500EX,LASCO TRIPLE CARE FL TPST 25G,144,BB588,1,1,Pvt Label,Toothpaste Line,,25,1024,,BB58825
FB58602500EX,LASCO ADV CAVITY PROTECTION FL TPST 25G,144,BB586,1,1,Pvt Label,Toothpaste Line,,25,1024,,BB58625
FB58809000EX,LASCO TRIPLE CARE FL TPST 90G,48,BB588,1,1,Pvt Label,Toothpaste Line,,90,1024,,BB58890
FB59017000EX,LASCO WHITENING FL TP170G-TARTAR CONTROL,48,BB590,1,1,Pvt Label,Toothpaste Line,,170,1024,,BB590170
FB59002500EX,LASCO WHITENING FL TP 25G-TARTAR CONTROL,144,BB590,1,1,Pvt Label,Toothpaste Line,,25,1024,,BB59025
FB59216000EX,LASCO WHT BKG SODA & PEROXIDE FL TP 160G,48,BB592,1,1,Pvt Label,Toothpaste Line,,160,1024,,BB592160
FB59413000EX,LASCO SENSITIVE ENAMEL CARE FL TPST 130G,24,BB594,1,1,Pvt Label,Toothpaste Line,,130,1024,,BB594130
FB59402500EX,LASCO SENSITIVE ENAMEL CARE FL TPST 25G,144,BB594,1,1,Pvt Label,Toothpaste Line,,25,1024,,BB59425
FB89612800EX,HONEY & MISWAK FL FREE TPST 4.5Oz (128g),72,BB896A,1,1,Pvt Label,Toothpaste Line,,128,1024,,BB896A128
FB89602100EX,HONEY & MISWAK FL FREE TPST 0.75Oz (21g),432,BB896A,1,1,Pvt Label,Toothpaste Line,,21,1024,,BB896A21
FB60118101EX,UNIVERSAL ADV WHT FL TP 6.4 Oz(181G)+TBR,24,BB601,1,1,Pvt Label,Toothpaste Line,,181,1024,,BB601181
FB60218101EX,UNIVERSAL ANTI-CAVITY TP 6.4Oz(181G)+TBR,24,BB602,1,1,Pvt Label,Toothpaste Line,,181,1024,,BB602181
FB60312200EX,UNIVERSAL SENSITIVE FL TP 4.3Oz(122G),24,BB603,1,1,Pvt Label,Toothpaste Line,,122,1024,,BB603122
FB59811700EX,Oxolis Fluoride Toothpaste 75ml (117g),60,BB598,1,0,Pvt Label,Toothpaste Line,,117,1024,,BB598117
FB75210000EX,COMPLEX ORIGINAL TOOTHPASTE 100GM,72,BB752,1,1,Pvt Label,Toothpaste Line,,100,1024,,BB752100
FB75310000EX,COMPLEX WITH HIMALAYAN HERBS TPST 100GM,72,BB753,1,1,Pvt Label,Toothpaste Line,,100,1024,,BB753100
FB59202500EX,LASCO WHT BKG SODA & PEROXIDE FL TP 25G,144,BB592,1,1,Pvt Label,Toothpaste Line,0.037,25,1024,,BB59225
FB61107500EX,CARE DENTIFRICE TRIPLE ACTION  TPST 75ML,48,BB611,1,1,Pvt Label,Toothpaste Line,0.128,101,1024,,BB611101
FB33103000EX,Auromere Mouthwash 30ml (1 Fl Oz)-Bottle,288,BB331,1,0,Pvt Label,Mouthwash line,,32,1024,,BB33132
FB51401200EX,Auromere TPST-Freshmint-12.5ml-ORG NEEM,432,BB514,1,0,Pvt Label,Toothpaste Line,,20,1024,,BB51420
FC25010000AF,Dabur Red Paste 100gm-Afghanistan,72,BC250,1,1,IBD,Toothpaste Line,0.122,100,1024,,BC250100
FC25020000AF,Dabur Red Toothpaste 200g- Afghanistan,36,BC250,1,1,IBD,Toothpaste Line,0.241,200,1024,,BC250200
FB61102000EX,CARE DENTIFRICE TRIPLE ACTION  TPST 20G,432,BB611A,1,1,Pvt Label,Toothpaste Line,,20,1024,,BB611A20
FB39000801EX,Freshmint AC FLD Gel Sachet 0.28OZ (08G),1000,BB390,1,0,Pvt Label,Toothpaste Pouch line,,8,1024,,BB3908
FB39007100EX,Freshmint AC FLD Gel TPST 2.5OZ (71G),144,BB390,1,0,Pvt Label,Toothpaste Line,0.084,71,1024,,BB39071
FB47612200EX,Lucky Sensitive AC Fld Tp-122g-4.3oz-New,24,BB476,1,1,Pvt Label,Toothpaste Line,0.17,122,1024,,BB476122
FM07112000GC,Fem USA HRC-RejuvenatingChamomile120g-GC,48,BM071,0,1,IBD,HRC tube,,120,1025,,BM071120
FM07312000GC,Fem USA HRC - Rose 120gm-GCC,48,BM073,0,1,IBD,HRC tube,,120,1025,,BM073120
FM07412000GC,Fem USA HRC - Lemon 120gm-GCC,48,BM074,0,1,IBD,HRC tube,,120,1025,,BM074120
FB22820000CA,Dabur Meswak HTP Dentifrice 200g-Canada,36,BB228,1,1,IBD,Toothpaste Line,,200,1024,,BB228200
FB22820000US,Dabur Meswak HTP Dentifrice 200g-USA,36,BB228,1,1,IBD,Toothpaste Line,,200,1024,,BB228200
FB51111703EX,Auromere TPST- Classic-117g-ORG NEEM WF,144,BB511A,1,1,Pvt Label,Toothpaste Line,,117,1024,,BB511A117
FB51411701EX,Auromere TPST-Freshmint-117g-ORG NEEM WF,144,BB514,1,1,Pvt Label,Toothpaste Line,,117,1024,,BB514117
FC25005000MN,Dabur Red Toothpaste 50g - MN,144,BC250,1,1,IBD,Toothpaste Line,0.066,50,1024,,BC25050
FB227C10,Dabur Meswak 100gCSD Cs72 Index 4071 New,72,BB227,1,1,Domestic,Toothpaste Line,,100,1024,,BB227100
FB227010,Dabur Meswak 10gm New,576,BB227,1,0,Domestic,Toothpaste Line,,10,1024,,BB22710
FR211C10,Dabur Red Paste 100gm CSD New,72,BR211,1,1,Domestic,Toothpaste Line,,100,1024,,BR211100
FR211C20,Dabur Red Paste 200gm CSD New,36,BR211,1,1,Domestic,Toothpaste Line,,200,1024,,BR211200
FB83411900EX,Brush Buddies Char. Tpst 4.2OZ (119g) NF,24,BB834,1,1,Pvt Label,Toothpaste Line,,119,1024,,BB834119
FB22112000EX,Najwa Herbal Toothpaste 120 gms New Pack,72,BB221,1,1,Pvt Label,Toothpaste Line,,120,1024,,BB221120
FB02210000EX,Money Shaver Shaving Cream 100ml,24,BB022A,0,0,Pvt Label,HRC tube,,92.5,1025,,BB022A92.5
FR19708500EX,ASSURED CREAMY PETRO JELLY 3OZ(85G) TUBE,24,BR197A,1,0,Pvt Label,HRC tube,,85,1025,,BR197A85
FB51340K00JA,AuromereTP–FoamFreeMint-40kg-ORG NEEM JP,1,BB513A,1,0,Pvt Label,Toothpaste Line,,40000,1024,,BB513A40000
FB33147300JA,Auromere Mouthwash 473ml (16OZ) - Japan,36,,1,0,Pvt Label,Mouthwash line,,473,1024,,473
FB28004200EXSF,Sparklefresh Fluoride Tpst 1.5oz (42.5g),144,BB280A,1,0,Pvt Label,Toothpaste Line,,43,1024,,BB280A43
FB28007800EXSF,Sparklefresh Fluoride Tpst. 2.75oz (78g),144,BB280A,1,0,Pvt Label,Toothpaste Line,,78,1024,,BB280A78
FB28002400EXSF,Sparklefresh Fluoride Tpst. 0.85oz (24g),720,BB280A,1,0,Pvt Label,Toothpaste Line,,24,1024,,BB280A24
FB28001700EXSF,Sparklefresh Fluoride Tpst. 0.6oz(17gms),720,BB280A,1,0,Pvt Label,Toothpaste Line,,17,1024,,BB280A17
FB83413100EXDC,DABUR CHARCOAL NF TOOTHPASTE 100ml(131g),36,BB834,1,1,Pvt Label,Toothpaste Line,,131,1024,,BB834131
FB54519800EX,Freshenup Fld Twin(Ghost+Enamel)7oz198g,12,,1,1,Pvt Label,Toothpaste Line,0.255,198,1024,,198
FB54419800EX,Freshenup Fld Twin(Breath+Tartar)7oz198g,12,,1,1,Pvt Label,Toothpaste Line,0.255,198,1024,,198
FB59818101EXHS,Health Smart Fld Freshmint 181g6.4oz+TBR,24,,1,1,Pvt Label,Toothpaste Line,0.248,181,1024,,181
FB47218101EXHS,Health Smart Fld Regular TP181g6.4OZ+TBR,24,,1,1,Pvt Label,Toothpaste Line,0.248,181,1024,,181
FR19808500EX,ASSURED COCOA BUTTER PET. JELLY 3OZ(85g),24,,1,0,Pvt Label,HRC Tube,0.115,85,1025,,85
